aliquot_id	id	total	count	proportion	mean_vaf	origin
DNA-17209	chr15:66727548:GCCTTCTGGCCTGGTCAT:G	6	1	0.1666666667	0.508	Artifact
DNA-17209	chr1:156849061:GGCCACACGCAACTGTCTAGTGGGCCAGGGACTGGTGGTCAAGATTGGTGATTTTGGCATGAGCAGGGATATCTA:G	6	1	0.1666666667	0.549	Artifact
DNA-17209	chr4:1803555:CCCACAGAGCGCTCCCCGCACCGGCCCA:C	6	2	0.3333333333	0.9295	Artifact
DNA-17209	chr4:1803584:CCTGCAGGCGGGGCTGCCGGCCAACCAGACGGCG:C	6	2	0.3333333333	0.9525	Artifact
DNA-17209	chr4:1803584:CCTGCAGGCGGGGCTGCCGGCCAACCAGACGGCGGTGCTG:C	6	1	0.1666666667	0.722	Artifact
DNA-17209	chr4:1803619:TG:T	6	2	0.3333333333	0.988	Artifact
DNA-17209	chr4:1803621:CTG:C	6	2	0.3333333333	0.988	Artifact
DNA-17209	chr7:55221818,55221852:del	6	1	0.1666666667	0.5736666667	Artifact
DNA-17209	chr1:156849061:GGCCACACGCAACTGTCTAGTGGGCCAGGGACTGGTGGTCAAGATTGGTGATTTTGGCATGAGCAGGGATATCTA:G	6	1	0.1666666667	0.631	Artifact
DNA-17209	chr4:1803555:CCCACAGAGCGCTCCCCGCACCGGCCCA:C	6	2	0.3333333333	1.244	Artifact
DNA-17209	chr4:1803584:CCTGCAGGCGGGGCTGCCGGCCAACCAGACGGCG:C	6	2	0.3333333333	1.325	Artifact
DNA-17209	chr4:1803619:TG:T	6	2	0.3333333333	1.492	Artifact
DNA-17209	chr4:1803621:CTG:C	6	2	0.3333333333	1.492	Artifact
DNA-17209	chr15:66727524,66727546:del	6	1	0.1666666667	0.649	Artifact
DNA-17209	chr15:66727536:GGTCTCCCACAAGCCTTCTGGCCTGGTCAT:G	6	1	0.1666666667	0.521	Artifact
DNA-17209	chr1:156849061:GGCCACACGCAACTGTCTAGTGGGCCAGGGACTGGTGGTCAAGATTGGTGATTTTGGCATGAGCAGGGATATCTA:G	6	1	0.1666666667	0.73	Artifact
DNA-17209	chr4:1803555:CCCACAGAGCGCTCCCCGCACCGGCCCA:C	6	2	0.3333333333	1.2525	Artifact
DNA-17209	chr4:1803584:CCTGCAGGCGGGGCTGCCGGCCAACCAGACGGCG:C	6	2	0.3333333333	1.2375	Artifact
DNA-17209	chr4:1803619:TG:T	6	2	0.3333333333	1.3435	Artifact
DNA-17209	chr4:1803621:CTG:C	6	2	0.3333333333	1.3435	Artifact
DNA-17209	chr15:66727524,66727534:del	6	2	0.3333333333	0.537125	Artifact
DNA-17209	chr15:66727536,66727565:del	6	1	0.1666666667	0.582	Artifact
DNA-17209	chr7:55221818,55221852:del	6	1	0.1666666667	0.6161666667	Artifact
DNA-17209	chr15:66727531:TTCAAGGTCTCCCACA:T	12	1	0.08333333333	0.693	Artifact
DNA-17209	chr15:66727536:GGTCTCCCACAAGCCTTCTGGCCTGGTCAT:G	12	1	0.08333333333	0.507	Artifact
DNA-17209	chr15:66727548:GCCTTCTGGCCTGGTCAT:G	12	1	0.08333333333	0.511	Artifact
DNA-17209	chr4:1803555:CCCACAGAGCGCTCCCCGCACCGGCCCA:C	12	5	0.4166666667	1.0858	Artifact
DNA-17209	chr4:1803584:CCTGCAGGCGGGGCTGCCGGCCAACCAGACGGCG:C	12	5	0.4166666667	1.083	Artifact
DNA-17209	chr4:1803619:TG:T	12	5	0.4166666667	1.2132	Artifact
DNA-17209	chr4:1803621:CTG:C	12	5	0.4166666667	1.216	Artifact
DNA-17209	chr4:55593653:AACACAAC:A	12	1	0.08333333333	0.505	Artifact
DNA-17209	chr15:66727524,66727546:del	12	1	0.08333333333	0.7485	Artifact
DNA-17209	chr15:66727524,66727565:del	12	1	0.08333333333	0.6451818182	Artifact
DNA-17209	chr15:66727529,66727534:del	12	1	0.08333333333	0.535	Artifact
DNA-17209	chr7:55221782,55221852:del	12	1	0.08333333333	0.5555555556	Artifact
DNA-17209	chr7:55221818,55221852:del	12	1	0.08333333333	0.5795	Artifact
DNA-17209	chr15:66727524:TGTGGTGTTCAAGGTCTCCCACA:T	6	1	0.1666666667	0.509	Artifact
DNA-17209	chr1:156849061:GGCCACACGCAACTGTCTAGTGGGCCAGGGACTGGTGGTCAAGATTGGTGATTTTGGCATGAGCAGGGATATCTA:G	6	2	0.3333333333	0.601	Artifact
DNA-17209	chr4:1803555:CCCACAGAGCGCTCCCCGCACCGGCCCA:C	6	2	0.3333333333	1.5675	Artifact
DNA-17209	chr4:1803584:CCTGCAGGCGGGGCTGCCGGCCAACCAGACGGCG:C	6	2	0.3333333333	1.573	Artifact
DNA-17209	chr4:1803619:TG:T	6	2	0.3333333333	1.769	Artifact
DNA-17209	chr4:1803621:CTG:C	6	2	0.3333333333	1.769	Artifact
DNA-17209	chr15:66727524,66727534:del	6	1	0.1666666667	0.576	Artifact
DNA-17209	chr15:66727536,66727565:del	6	1	0.1666666667	0.5776666667	Artifact
DNA-17209	chr7:55221782,55221852:del	6	1	0.1666666667	0.6462777778	Artifact
DNA-17209	chr7:55221818,55221852:del	6	1	0.1666666667	0.6106666667	Artifact
DNA-17210	chr15:66727538:TCTCCCACA:T	6	1	0.1666666667	0.546	Artifact
DNA-17210	chr15:66727548:GCCTTCTGGCCTGGTCAT:G	6	1	0.1666666667	0.577	Artifact
DNA-17210	chr4:1803555:CCCACAGAGCGCTCCCCGCACCGGCCCA:C	6	2	0.3333333333	1.014	Artifact
DNA-17210	chr4:1803584:CCTGCAGGCGGGGCTGCCGGCCAACCAGACGGCG:C	6	2	0.3333333333	1.0585	Artifact
DNA-17210	chr4:1803619:TG:T	6	3	0.5	0.979	Artifact
DNA-17210	chr4:1803621:CTG:C	6	3	0.5	0.979	Artifact
DNA-17210	chr15:66727524,66727565:del	6	1	0.1666666667	0.5732222222	Artifact
DNA-17210	chr4:1803561,1803623:del	6	1	0.1666666667	0.741	Artifact
DNA-17210	chr7:55221782,55221852:del	6	1	0.1666666667	0.6021666667	Artifact
DNA-17209	chr19:4117563:GCTT:G	6	6	1	2.5585	blacklisted
DNA-17209	chr3:178936116:GT:C	6	4	0.6666666667	48.14125	blacklisted
DNA-17209	chr19:4117563:GCTT:G	6	6	1	2.464166667	blacklisted
DNA-17209	chr3:178936116:GT:C	6	2	0.3333333333	47.874	blacklisted
DNA-17209	chr19:4117563:GCTT:G	6	6	1	2.5245	blacklisted
DNA-17209	chr3:178936116:GT:C	6	2	0.3333333333	48.063	blacklisted
DNA-17209	chr19:4117563:GCTT:G	12	12	1	2.363333333	blacklisted
DNA-17209	chr3:178936116:GT:C	12	5	0.4166666667	48.8952	blacklisted
DNA-17209	chr19:4117563:GCTT:G	6	6	1	2.499666667	blacklisted
DNA-17209	chr3:178936116:GT:C	6	2	0.3333333333	49.253	blacklisted
DNA-17210	chr19:4117563:GCTT:G	6	6	1	2.56	blacklisted
DNA-17210	chr3:178936116:GT:C	6	3	0.5	48.96533333	blacklisted