Amplicon_ID	Amplicon_name	Template_ID	Pool	Chr	Start	End	Assembly	HGNC_gene	Refseq_protein_ID	Mutations	Amplicon_length	Seq_length	F_primer	R_primer	F_primer_len	R_primer_len	Amplicon
CG001v5.0.127b	NTRK1:G595	TMPLT815	B	chr1	156846258	156846363	hg19	NTRK1		G595	106	106	CTGCAGCACCAGCACATC	GGAGGAAGCGGTTGAGGT	18	18	CTGCAGCACCAGCACATCGTGCGCTTCTTCGGCGTCTGCACCGAGGGCCGCCCCCTGCTCATGGTCTTTGAGTATATGCGGCACGGGGACCTCAACCGCTTCCTCC
CG001v3.4.22	EGFR:Exon20_part2_C797	TMPLT522	A	chr7	55249040	55249161	hg19	EGFR		Exon20_part2_C797	122	122	ATCTGCCTCACCTCCACCG	TGCACACACCAGTTGAGCAG	19	20	ATCTGCCTCACCTCCACCGTGCAGCTCATCACGCAGCTCATGCCCTTCGGCTGCCTCCTGGACTATGTCCGGGAACACAAAGACAATATTGGCTCCCAGTACCTGCTCAACTGGTGTGTGCA
CG001v3.4.38	GNAQ:Q209	TMPLT351	A	chr9	80409413	80409517	hg19	GNAQ		Q209	105	105	TCACTAAGCGCTACTAGAAACATGA	ACCTTGCAGAATGGTCGATGT	25	21	TCACTAAGCGCTACTAGAAACATGATAGAGGTGACATTTTCAAAGCAGTGTATCCATTTTCTTCTCTCTGACCTTTGGCCCCCTACATCGACCATTCTGCAAGGT
CG001v3.4.118	rs1058083	TMPLT468	A	chr13	100038168	100038270	hg19	rs1058083			103	103	CCATGCACTGGTTCAAGGTTC	CTCCATCCCATTTCACCCG	21	19	CCATGCACTGGTTCAAGGTTCTGGAGTTCTCCATGAAACTTGGGTTAATTTTGCTCAGAGTATCCAGAGTTAGCCACTAGGCTGCGGGTGAAATGGGATGGAG
CG001v3.4.16	DDR2:S768	TMPLT532	A	chr1	162748326	162748427	hg19	DDR2		S768	102	102	GCACAGGTTATTCTGATTTCCCA	AAGTCTCCCACAAAGTAACCCC	23	22	GCACAGGTTATTCTGATTTCCCATTCTTTTCTTTACTTAAATAGGGCAAGTTCACTACAGCAAGTGATGTGTGGGCCTTTGGGGTTACTTTGTGGGAGACTT
CG001v3.4.30	ESR1:S463	TMPLT535	A	chr6	152415498	152415597	hg19	ESR1		S463	100	100	CACTCTCTCTCTGCGCATTCA	TGATCTTGTCCAGGACTCGG	21	20	CACTCTCTCTCTGCGCATTCAGGAGTGTACACATTTCTGTCCAGCACCCTGAAGTCTCTGGAAGAGAAGGACCATATCCACCGAGTCCTGGACAAGATCA
CG001v3.4.46	KIT:A829	TMPLT536	A	chr4	55602602	55602702	hg19	KIT		A829	101	101	TCTGTTCAATTTTGTTGAGCTTCTGA	AATGCTTTCAGGTGCCATCCA	26	21	TCTGTTCAATTTTGTTGAGCTTCTGAATTAACATTATTGACTCTGTTGTGCTTCTATTACAGGCTCGACTACCTGTGAAGTGGATGGCACCTGAAAGCATT
CG001v3.4.84	PTCH1:W844	TMPLT542	A	chr9	98229395	98229492	hg19	PTCH1		W844	98	98	TACCCTGAAGCCAGTCTCTGA	ACACAGGAGTTTCAGTAACGTG	21	22	TACCCTGAAGCCAGTCTCTGAAGTAGTGCAGCCACATTTTGGGAAGCTGTTTGTTTTCTTCCAACATGACATACTTCACGTTACTGAAACTCCTGTGT
CG001v3.4.91	RET:V804	TMPLT544	A	chr10	43614928	43615044	hg19	RET		V804	117	117	GACCCAAGCTGCCTGACC	GGCTCTCGCGGAGGAAGC	18	18	GACCCAAGCTGCCTGACCCGCACGCCCAGGGCCCCCTCTCTCCGCCCCCAGGCCCGCTCCTCCTCATCGTGGAGTACGCCAAATACGGCTCCCTGCGGGGCTTCCTCCGCGAGAGCC
CG001v4.0.7	MAP2K1:P387	TMPLT673	B	chr15	66782812	66782957	hg19	MAP2K1		P387	146	146	CCACGTCCTCTCGTTTCCTT	ACACTTAGACGCCAGCAGCA	20	20	CCACGTCCTCTCGTTTCCTTACATGCAGGTTCATGCTTTTATCAAGAGATCTGATGCTGAGGAAGTGGATTTTGCAGGTTGGCTCTGCTCCACCATCGGCCTTAACCAGCCCAGCACACCAACCCATGCTGCTGGCGTCTAAGTGT
CG001v4.0.10	POLE:Exon14_part1	TMPLT662	A	chr12	133249726	133249837	hg19	POLE		Exon14_part1	112	112	GCCGACAGGACAGATAATGC	TGCTGTCGCCACTTACTACC	20	20	GCCGACAGGACAGATAATGCTCACCTCGTCGGGCTCCATGGGAATAATGGTGCACAGAGCAAAGATGAATGGGTGGACGTACTTCATGTACAGGTAGTAAGTGGCGACAGCA
CG001v4.0.11	TP53:Exon4_part3	TMPLT390	A	chr17	7579442	7579618	hg19	TP53		Exon4_part3	177	177	GGTGTAGGAGCTGCTGGTG	TCTGACTGCTCTTTTCACCCAT	19	22	GGTGTAGGAGCTGCTGGTGCAGGGGCCACGGGGGGAGCAGCCTCTGGCATTCTGGGAGCTTCATCTGGACCTGGGTCTTCAGTGAACCATTGTTCAATATCGTCCGGGGACAGCATCAAATCATCCATTGCTTGGGACGGCAAGGGGGACTGTAGATGGGTGAAAAGAGCAGTCAGA
CG001v4.0.13	AR:L702H	TMPLT693	A	chrX	66931427	66931517	hg19	AR		L702H	91	91	ACGACAACAACCAGCCCGA	GCCCACTTGACCACGTGTA	19	19	ACGACAACAACCAGCCCGACTCCTTTGCAGCCTTGCTCTCTAGCCTCAATGAACTGGGAGAGAGACAGCTTGTACACGTGGTCAAGTGGGC
CG001v4.0.20	rs1821380	TMPLT628	A	chr15	39313350	39313445	hg19	rs1821380			96	96	GCTATGGAACCTCTGCTGTCT	GCACAATGGAGCCACTGAAC	21	20	GCTATGGAACCTCTGCTGTCTTTTCCTGACATTCTCCTTCTTCTATCTGTATCCCTTACTGCATTTTTGCACTGCAGTTCAGTGGCTCCATTGTGC
CG001v4.0.21	rs4364205	TMPLT730	A	chr3	32417596	32417724	hg19	rs4364205			129	129	GCAATTCCAGTCCTAGATATCCA	TTCACCATTTGATAGCCATTTGG	23	23	GCAATTCCAGTCCTAGATATCCACCCATGAGAAATATATCCACAAAAATATTGAGCAAGAATATGCATAGCAGCTGTATTCATAGTTGCCCCAAACTGGAAACAACCCAAATGGCTATCAAATGGTGAA
CG001v4.0.56	rs1498553	TMPLT737	A	chr11	5708992	5709079	hg19	rs1498553			88	88	CAGGATGAAAGTTCACTTCAGATGT	TTCTTCCCTTCTCAGCACTTCC	25	22	CAGGATGAAAGTTCACTTCAGATGTTCAAAGCCAGACGAGAATAAAAGGATGGCTATGAGATCTATGGAAGTGCTGAGAAGGGAAGAA
CG001v3.4.66	MET:Exon14-50+25_part3	TMPLT566	A	chr7	116411970	116412100	hg19	MET		Exon14-50+25_part3	131	131	TGCCCGAAGTGTAAGCCC	CACAACCCACTGAGGTATATGTA	18	23	TGCCCGAAGTGTAAGCCCAACTACAGAAATGGTTTCAAATGAATCTGTAGACTACCGAGCTACTTTTCCAGAAGGTATATTTCAGTTTATTGTTCTGAGAAATACCTATACATATACCTCAGTGGGTTGTG
CG001v5.0.2	ROS1:S1986	TMPLT757	B	chr6	117639353	117639475	hg19	ROS1		S1986	123	123	CATCAGATGTGCCTCCTTCA	CCACTGAGCTCACAGAAATGTC	20	22	CATCAGATGTGCCTCCTTCAGGAATTCAATCTTCTCCTGGTCTGTGGAACCCTTCTTCAAAGTCTATACAACATAAAAACAAGTCAGGAATCAGTATAGCAGACATTTCTGTGAGCTCAGTGG
CG001v5.0.4	KIAA2018:MSI	TMPLT771	A	chr3	113377449	113377550	hg19	KIAA2018		MSI	102	102	TCCATCTGATCAGAAAGAGATGAT	GCAAACCACAGGTCTCTTAAAG	24	22	TCCATCTGATCAGAAAGAGATGATTTCTGAGGGTTTTTTTTTTTAGCAAGATCAGATAGCAATGTAGTTAAACCTTGCCCCTTTAAGAGACCTGTGGTTTGC
CG001v5.0.7	BAT-25:MSI	TMPLT781	A	chr4	55598146	55598263	hg19	BAT-25		MSI	118	118	TTTCCTCGCCTCCAAGAATGT	ACTATGGCTCTAAAATGCTCTGTT	21	24	TTTCCTCGCCTCCAAGAATGTAAGTGGGAGTGATTCTCTAAAGAGTTTTGTGTTTTGTTTTTTTGATTTTTTTTTTTTTTTTTTTTTTTTTGAGAACAGAGCATTTTAGAGCCATAGT
CG001v5.0.9	AR:Q784	TMPLT796	A	chrX	66941684	66941794	hg19	AR		Q784	111	111	GCACAAGTCCCGGATGTAC	AGTAGCAGTGCTTTCATGCA	19	20	GCACAAGTCCCGGATGTACAGCCAGTGTGTCCGAATGAGGCACCTCTCTCAAGAGTTTGGATGGCTCCAAATCACCCCCCAGGAATTCCTGTGCATGAAAGCACTGCTACT
CG001v5.0.10	ACVR2A:MSI	TMPLT799	A	chr2	148683646	148683765	hg19	ACVR2A		MSI	120	120	GCATCCATCTCTTGAAGACATGC	GGAATTTCAAATGAAAAGCTAACTGGA	23	27	GCATCCATCTCTTGAAGACATGCAGGAAGTTGTTGTGCATAAAAAAAAGAGGCCTGTTTTAAGAGATTATTGGCAGAAACATGCTGTAAGTTATCCAGTTAGCTTTTCATTTGAAATTCC
CG001v5.0.39	PTEN:R233	TMPLT525	A	chr10	89717628	89717730	hg19	PTEN		R233	103	103	GCCAGCTAAAGGTGAAGATATATTCC	TCACCACACACAGGTAACGG	26	20	GCCAGCTAAAGGTGAAGATATATTCCTCCAATTCAGGACCCACACGACGGGAAGACAAGTTCATGTACTTTGAGTTCCCTCAGCCGTTACCTGTGTGTGGTGA
CG001v3.4.27	ERBB2:G309_S310	TMPLT326	A	chr17	37868136	37868255	hg19	ERBB2		G309_S310	120	120	CACGAAGGGCCAGGGTATG	CCTCTGCTGTCACCTCTTGG	19	20	CACGAAGGGCCAGGGTATGTGGCTACATGTTCCTGATCTCCTTAGACAACTACCTTTCTACGGACGTGGGATCCTGCACCCTCGTCTGCCCCCTGCACAACCAAGAGGTGACAGCAGAGG
CG001v3.4.31	ESR1:V534_P535_L536_Y537_D538	TMPLT343	A	chr6	152419841	152419949	hg19	ESR1		V534_P535_L536_Y537_D538	109	109	TCCTTTCTGTGTCTTCCCACC	CGTCCAGCATCTCCAGCAG	21	19	TCCTTTCTGTGTCTTCCCACCTACAGTAACAAAGGCATGGAGCATCTGTACAGCATGAAGTGCAAGAACGTGGTGCCCCTCTATGACCTGCTGCTGGAGATGCTGGACG
CG001v3.4.7	AR:H875_F877_T878	TMPLT353	A	chrX	66943480	66943604	hg19	AR		H875_F877_T878	125	125	CCACCTCCTTGTCAACCCTG	ATTTCCGGAAAGTCCACGCT	20	20	CCACCTCCTTGTCAACCCTGTTTTTCTCCCTCTTATTGTTCCCTACAGATTGCGAGAGAGCTGCATCAGTTCACTTTTGACCTGCTAATCAAGTCACACATGGTGAGCGTGGACTTTCCGGAAAT
CG001v3.4.24	EGFR:Exon21_part1	TMPLT359	A	chr7	55259383	55259518	hg19	EGFR		Exon21_part1	136	136	CCCTCACAGCAGGGTCTTC	GCCAGCCCAAAATCTGTGATC	19	21	CCCTCACAGCAGGGTCTTCTCTGTTTCAGGGCATGAACTACTTGGAGGACCGTCGCTTGGTGCACCGCGACCTGGCAGCCAGGAACGTACTGGTGAAAACACCGCAGCATGTCAAGATCACAGATTTTGGGCTGGC
CG001v3.4.51	KIT:Exon13_part1	TMPLT368	A	chr4	55594144	55594280	hg19	KIT		Exon13_part1	137	137	GCTTTTTGCTAAAATGCATGTTTCC	GGTGCAGGCTCCAAGTAGAT	25	20	GCTTTTTGCTAAAATGCATGTTTCCAATTTTAGCGAGTGCCCATTTGACAGAACGGGAAGCCCTCATGTCTGAACTCAAAGTCCTGAGTTACCTTGGTAATCACATGAATATTGTGAATCTACTTGGAGCCTGCACC
CG001v3.4.26	ERBB2:Exon20_part2	TMPLT373	A	chr17	37881051	37881188	hg19	ERBB2		Exon20_part2	138	138	GTGCAGCTGGTGACACAG	CCTGCAAAGAGCCCAGGTG	18	19	GTGCAGCTGGTGACACAGCTTATGCCCTATGGCTGCCTCTTAGACCATGTCCGGGAAAACCGCGGACGCCTGGGCTCCCAGGACCTGCTGAACTGGTGTATGCAGATTGCCAAGGTATGCACCTGGGCTCTTTGCAGG
CG001v3.4.113	TP53:Exon9	TMPLT382	A	chr17	7576817	7576952	hg19	TP53		Exon9	136	136	ACTTTCCACTTGATAAGAGGTCCC	ATCACCTTTCCTTGCCTCTTT	24	21	ACTTTCCACTTGATAAGAGGTCCCAAGACTTAGTACCTGAAGGGTGAAATATTCTCCATCCAGTGGTTTCTTCTTTGGCTGGGGAGAGGAGCTGGTGTTGTTGGGCAGTGCTAGGAAAGAGGCAAGGAAAGGTGAT
CG001v3.4.109	TP53:Exon7_part1	TMPLT439	A	chr17	7577459	7577580	hg19	TP53		Exon7_part1	122	122	CACAGCAGGCCAGTGTGC	ACAACTACATGTGTAACAGTTCCT	18	24	CACAGCAGGCCAGTGTGCAGGGTGGCAAGTGGCTCCTGACCTGGAGTCTTCCAGTGTGATGATGGTGAGGATGGGCCTCCGGTTCATGCCGCCCATGCAGGAACTGTTACACATGTAGTTGT
CG001v4.0.60	rs214955	TMPLT747	A	chr6	152697651	152697740	hg19	rs214955			90	90	CTGTTCTTTATTCTGGCAGCCC	ACTTTATCGCTTTTTCCTGCCAT	22	23	CTGTTCTTTATTCTGGCAGCCCTTGGATGCTTGCAAACAAAGACTGAAAAGGTGACGCAAAAATTTAATGGCAGGAAAAAGCGATAAAGT
CG001v3.4.54	KIT:Exon9_part2	TMPLT514	A	chr4	55592038	55592170	hg19	KIT		Exon9_part2	133	133	ACTGCCAGTGGATGTGCA	GCCCACATCGTTGTAAGCC	18	19	ACTGCCAGTGGATGTGCAGACACTAAACTCATCTGGGCCACCGTTTGGAAAGCTAGTGGTTCAGAGTTCTATAGATTCTAGTGCATTCAAGCACAATGGCACGGTTGAATGTAAGGCTTACAACGATGTGGGC
CG001v3.4.82	PIK3CA:R88	TMPLT540	A	chr3	178916833	178916939	hg19	PIK3CA		R88	107	107	ACTCAAGAAGCAGAAAGGGAAG	TCACGGTTGCCTACTGGTTC	22	20	ACTCAAGAAGCAGAAAGGGAAGAATTTTTTGATGAAACAAGACGACTTTGTGACCTTCGGCTTTTTCAACCCTTTTTAAAAGTAATTGAACCAGTAGGCAACCGTGA
CG001v3.4.65	MET:Exon14-50+25_part1	TMPLT564	A	chr7	116411828	116411960	hg19	MET		Exon14-50+25_part1	133	133	TGGGCACTGGGTCAAAGT	CTATCCAAATGAGGAGTGTGTACT	18	24	TGGGCACTGGGTCAAAGTCTCCTGGGGCCCATGATAGCCGTCTTTAACAAGCTCTTTCTTTCTCTCTGTTTTAAGATCTGGGCAGTGAATTAGTTCGCTACGATGCAAGAGTACACACTCCTCATTTGGATAG
CG001v3.4.142	EGFR:Exon18_part1	TMPLT610	A	chr7	55241584	55241681	hg19	EGFR		Exon18_part1	98	98	CCCTTGTCTCTGTGTTCTTGTC	GTTTCCTTCAAGATCCTCAAGAGA	22	24	CCCTTGTCTCTGTGTTCTTGTCCCCCCCAGCTTGTGGAGCCTCTTACACCCAGTGGAGAAGCTCCCAACCAAGCTCTCTTGAGGATCTTGAAGGAAAC
CG001v4.0.38	POLE:Exon12_part1	TMPLT657	A	chr12	133251961	133252065	hg19	POLE		Exon12_part1	105	105	CCATGCTGCTCTGTGGCC	GCATGCAGCAGGAGATAGG	18	19	CCATGCTGCTCTGTGGCCCCTACCTGAGGCAGTCCATGTGGATGCACTGGGGCGCCTTGTACTCCCCCTGGCTGTCCTTCTGGAAGCCTATCTCCTGCTGCATGC
CG001v4.0.48	TP53:Exon6_part1_Y220	TMPLT376	A	chr17	7578137	7578264	hg19	TP53		Exon6_part1_Y220	128	128	CTTAACCCCTCCTCCCAGAGA	CCGAGTGGAAGGAAATTTGCG	21	21	CTTAACCCCTCCTCCCAGAGACCCCAGTTGCAAACCAGACCTCAGGCGGCTCATAGGGCACCACCACACTATGTCGAAAAGTGTTTCTGTCATCCAAATACTCCACACGCAAATTTCCTTCCACTCGG
CG001v4.0.42	POLE:Exon11_part1	TMPLT655	B	chr12	133252284	133252387	hg19	POLE		Exon11_part1	104	104	TGCTGCCCAGTTACTCATAGAGA	GGTTTGAACACGTCCAGGAGA	23	21	TGCTGCCCAGTTACTCATAGAGAAGACACAGACTCACCAGTCAAAAAAGTCCCCGTTGTAGGTGACCATGATGGTGGGTTTGGTCTCCTGGACGTGTTCAAACC
CG001v4.0.52	BRAF:Q201	TMPLT347	A	chr7	140508667	140508778	hg19	BRAF		Q201	112	112	ATTTCACGTCACATACAAACCAT	AGTTACAGTCCGAGACAGTCT	23	21	ATTTCACGTCACATACAAACCATACCCATCCTGAATTCTGTAAACAGCACAGCACTCTGGGATTAGACCTCTCATCATCAGTGCTTTCTTTAGACTGTCTCGGACTGTAACT
CG001v3.4.20	EGFR:Exon19	TMPLT447	A	chr7	55242390	55242538	hg19	EGFR		Exon19	149	149	CGTCTTCCTTCTCTCTCTGTC	CCCACACAGCAAAGCAGAAA	21	20	CGTCTTCCTTCTCTCTCTGTCATAGGGACTCTGGATCCCAGAAGGTGAGAAAGTTAAAATTCCCGTCGCTATCAAGGAATTAAGAGAAGCAACATCTCCGAAAGCCAACAAGGAAATCCTCGATGTGAGTTTCTGCTTTGCTGTGTGGG
CG001v3.4.88	PTEN:R130	TMPLT415	A	chr10	89692858	89692944	hg19	PTEN		R130	87	87	AGATGACAATCATGTTGCAGCA	CCCCGATGTAATAAATATGCACATAT	22	26	AGATGACAATCATGTTGCAGCAATTCACTGTAAAGCTGGAAAGGGACGAACTGGTGTAATGATATGTGCATATTTATTACATCGGGG
CG001v3.4.56	KRAS:G12_G13	TMPLT321	A	chr12	25398214	25398331	hg19	KRAS		G12_G13	118	118	TGTTGGATCATATTCGTCCACAAAA	AGGCCTGCTGAAAATGACTGA	25	21	TGTTGGATCATATTCGTCCACAAAATGATTCTGAATTAGCTGTATCGTCAAGGCACTCTTGCCTACGCCACCAGCTCCAACTACCACAAGTTTATATTCAGTCATTTTCAGCAGGCCT
CG001v5.0.13	MSI-6:MSI	TMPLT763	A	chr12	121588982	121589101	hg19	MSI-6		MSI	120	120	ACCTGTGAAATAGCCACTGTG	TCCAGCCTGGGTGATAGAGT	21	20	ACCTGTGAAATAGCCACTGTGTTCCAGCATGGGCAACATAGCAAGACTCCATCTCTAAATGAAATCCTTTTTTTTTTTTTTCTTTTTGAGACAGAGTCTCACTCTATCACCCAGGCTGGA
CG001v5.0.15	UGDH:MSI	TMPLT769	A	chr4	39501693	39501791	hg19	UGDH		MSI	99	99	GCAGATAGATATTTGCTATCCTGAAG	ATCCACCTAACAAGAAACCTAAAGTG	26	26	GCAGATAGATATTTGCTATCCTGAAGTACCAAAAAAAAAAAAAAAAAATCACAAATAAAAATGGCAATCTCTACACTTTAGGTTTCTTGTTAGGTGGAT
CG001v5.0.16	DOCK3:MSI	TMPLT780	B	chr3	51417562	51417682	hg19	DOCK3		MSI	121	121	ACTCCCTACACTTTGACGCCT	GACTCATCTCACAGCCTGGTG	21	21	ACTCCCTACACTTTGACGCCTTCCACCACCCTCTGGGTGATACCCCCCCAGCCCTCCCTGCCCGGACCCTGCGCAAGGTAATGTACTGAAGCGGCAGCCCCACCAGGCTGTGAGATGAGTC
CG001v5.0.19	STC1:MSI	TMPLT789	A	chr8	23712033	23712155	hg19	STC1		MSI	123	123	GCATTCTCTGAGAAGTTTCCGC	CCTCACCTAAGCTTTCAGTGTA	22	22	GCATTCTCTGAGAAGTTTCCGCTAAGTTGTTGGGTTTTTTTTTTTTCCTGCCCCCCTTTCCTCTTTCCCTCTCCTGGCTTGAGTGAAGATGTGGATCTGGATACACTGAAAGCTTAGGTGAGG
CG001v5.0.20	RNF43:MSI	TMPLT804	A	chr17	56435097	56435206	hg19	RNF43		MSI	110	110	AATCTGGCAAGCTGGGTGCA	AATCCAGCCTCTCTGCCCG	20	19	AATCTGGCAAGCTGGGTGCACAGTTGCATCCTGGGGCCGAGAGCCAGGGGTGGGCTCGGAGGGACCCCCCCGCCTTTTCCTCTGTGGGTGTCGGGCAGAGAGGCTGGATT
CG001v5.0.21	CCNE1:CNV1	TMPLT808	A	chr19	30303832	30303974	hg19	CCNE1		CNV1	143	143	GTTTGGTGTGTTTCCTTGGG	CCACAGAGGCCCAACCCC	20	18	GTTTGGTGTGTTTCCTTGGGGTCATGGGGGTGGCTTCATGTTAGTTTTTGCAGGATCCAGATGAAGAAATGGCCAAAATCGACAGGACGGCGAGGGACCAGTGTGGGAGCCAGGTAGGTCCGCCCGGGGTTGGGCCTCTGTGG
CG001v5.0.22	ERBB2:K753E_L755	TMPLT806	B	chr17	37880141	37880290	hg19	ERBB2		K753E_L755	150	150	TCATATCCTCCTCTTTCTGCCC	CTAGCAGGAGAGGGTGGAGG	22	20	TCATATCCTCCTCTTTCTGCCCAGGGCATCTGGATCCCTGATGGGGAGAATGTGAAAATTCCAGTGGCCATCAAAGTGTTGAGGGAAAACACATCCCCCAAAGCCAACAAAGAAATCTTAGACGTAAGCCCCTCCACCCTCTCCTGCTAG
CG001v5.0.11	NTRK1:F589	TMPLT752	A	chr1	156846258	156846348	hg19	NTRK1		F589	91	91	CTGCAGCACCAGCACATCG	GGTCCCCGTGCCGCATATA	19	19	CTGCAGCACCAGCACATCGTGCGCTTCTTCGGCGTCTGCACCGAGGGCCGCCCCCTGCTCATGGTCTTTGAGTATATGCGGCACGGGGACC
CG001v5.0.44	DICER1:G1809_D1810_E1813	TMPLT821	A	chr14	95557584	95557699	hg19	DICER1		G1809_D1810_E1813	116	116	TCCAGTGACATCCCACTATCCA	AGGAGATCTGAGGAGGATGAAG	22	22	TCCAGTGACATCCCACTATCCATGTAAATGGCACCAGCAAGCGACTCAAAAATATCCCCCATGGCCTTTGGAACTTCAATATCCTCTTCTTTCTCTTCATCCTCCTCAGATCTCCT
CG001v3.4.75	NRAS:K117	TMPLT305	A	chr1	115252224	115252323	hg19	NRAS		K117	100	100	ATCCCGTAACTCTTGGCCAG	CGGATGATGTACCTATGGTGCT	20	22	ATCCCGTAACTCTTGGCCAGTTCGTGGGCTTGTTTTGTATCAACTGTCCTTGTTGGCAAATCACACTTGTTTCCCACTAGCACCATAGGTACATCATCCG
CG001v3.4.76	NRAS:A59_Q61	TMPLT306	A	chr1	115256468	115256570	hg19	NRAS		A59_Q61	103	103	TACACAGAGGAAGCCTTCGC	TGGTGAAACCTGTTTGTTGGAC	20	22	TACACAGAGGAAGCCTTCGCCTGTCCTCATGTATTGGTCTCTCATGGCACTGTACTCTTCTTGTCCAGCTGTATCCAGTATGTCCAACAAACAGGTTTCACCA
CG001v3.4.89	RET:C634	TMPLT308	A	chr10	43609898	43609999	hg19	RET		C634	102	102	TGCCAAGCCTCACACCAC	GCACCGAGACGATGAAGGAG	18	20	TGCCAAGCCTCACACCACCCCCACCCACAGATCCACTGTGCGACGAGCTGTGCCGCACGGTGATCGCAGCCGCTGTCCTCTTCTCCTTCATCGTCTCGGTGC
CG001v3.4.90	RET:M918	TMPLT309	A	chr10	43617379	43617486	hg19	RET		M918	108	108	CCATCTTCTCTTTAGGGTCGGA	AGAGAGCAACACCCACACTT	22	20	CCATCTTCTCTTTAGGGTCGGATTCCAGTTAAATGGATGGCAATTGAATCCCTTTTTGATCATATCTACACCACGCAAAGTGATGTGTAAGTGTGGGTGTTGCTCTCT
CG001v3.4.41	HRAS:Q61	TMPLT316	A	chr11	533810	533935	hg19	HRAS		Q61	126	126	AAACACACACAGGAAGCCCT	CGGAAGCAGGTGGTCATTGA	20	20	AAACACACACAGGAAGCCCTCCCCGGTGCGCATGTACTGGTCCCGCATGGCGCTGTACTCCTCCTGGCCGGCGGTATCCAGGATGTCCAACAGGCACGTCTCCCCATCAATGACCACCTGCTTCCG
CG001v3.4.59	KRAS:A59_Q61	TMPLT320	A	chr12	25380228	25380356	hg19	KRAS		A59_Q61	129	129	CCCTCCCCAGTCCTCATGTA	CCCTTCTCAGGATTCCTACAGG	20	22	CCCTCCCCAGTCCTCATGTACTGGTCCCTCATTGCACTGTACTCCTCTTGACCTGCTGTGTCGAGAATATCCAAGAGACAGGTTTCTCCATCAATTACTACTTGCTTCCTGTAGGAATCCTGAGAAGGG
CG001v3.4.42	IDH1:R132	TMPLT336	A	chr2	209113078	209113191	hg19	IDH1		R132	114	114	GCCAACATGACTTACTTGATCCC	ACGGTCTTCAGAGAAGCCAT	23	20	GCCAACATGACTTACTTGATCCCCATAAGCATGACGACCTATGATGATAGGTTTTACCCATCCACTCACAAGCCGGGGGATATTTTTGCAGATAATGGCTTCTCTGAAGACCGT
CG001v3.4.71	MET:Exon18_part2	TMPLT367	A	chr7	116422067	116422182	hg19	MET		Exon18_part2	116	116	GCTTTGGTCTTCAAGTAGCCA	TGGATTGTGGCACAGAGATTCT	21	22	GCTTTGGTCTTCAAGTAGCCAAAGGCATGAAATATCTTGCAAGCAAAAAGTTTGTCCACAGAGACTTGGCTGCAAGAAACTGTATGTAAGTATCAGAATCTCTGTGCCACAATCCA
CG001v3.4.50	KIT:Exon11_part2	TMPLT371	A	chr4	55593599	55593736	hg19	KIT		Exon11_part2	138	138	ACAGTGGAAGGTTGTTGAGGA	ACATGGAAAGCCCCTGTTTCA	21	21	ACAGTGGAAGGTTGTTGAGGAGATAAATGGAAACAATTATGTTTACATAGACCCAACACAACTTCCTTATGATCACAAATGGGAGTTTCCCAGAAACAGGCTGAGTTTTGGTCAGTATGAAACAGGGGCTTTCCATGT
CG001v3.4.105	TP53:Exon5_part1	TMPLT448	A	chr17	7578344	7578488	hg19	TP53		Exon5_part1	145	145	GTCGTCTCTCCAGCCCCAG	GATTCCACACCCCCGCCC	19	18	GTCGTCTCTCCAGCCCCAGCTGCTCACCATCGCTATCTGAGCAGCGCTCATGGTGGGGGCAGCGCCTCACAACCTCCGTCATGTGCTGTGACTGCTTGTAGATGGCCATGGCGCGGACGCGGGTGCCGGGCGGGGGTGTGGAATC
CG001v3.4.68	MET:Exon13_part2	TMPLT457	A	chr7	116411564	116411686	hg19	MET		Exon13_part2	123	123	ATTTCTTCAACCGTCCTTGGA	CAGCCACAGGAAAAACCCAAG	21	21	ATTTCTTCAACCGTCCTTGGAAAAGTAATAGTTCAACCAGATCAGAATTTCACAGGATTGATTGCTGGTGTTGTCTCAATATCAACAGCACTGTTATTACTACTTGGGTTTTTCCTGTGGCTG
CG001v3.4.102	TP53:Exon4_part1	TMPLT452	A	chr17	7579285	7579432	hg19	TP53		Exon4_part1	148	148	GGAAGCCAGCCCCTCAGG	TGCACCAGCCCCCTCCTG	18	18	GGAAGCCAGCCCCTCAGGGCAACTGACCGTGCAAGTCACAGACTTGGCTGTCCCAGAATGCAAGAAGCCCAGACGGAAACCGTAGCTGCCCTGGTAGGTTTTCTGGGAAGGGACAGAAGATGACAGGGGCCAGGAGGGGGCTGGTGCA
CG001v3.4.77	PDGFRA:N659	TMPLT538	A	chr4	55144085	55144185	hg19	PDGFRA		N659	101	101	ACAAGCTCTCATGTCTGAACTGA	CAGTGAGCCCACCTGACTTG	23	20	ACAAGCTCTCATGTCTGAACTGAAGATAATGACTCACCTGGGGCCACATTTGAACATTGTAAACTTGCTGGGAGCCTGCACCAAGTCAGGTGGGCTCACTG
CG001v3.4.92	ROS1:L2026_G2032	TMPLT545	A	chr6	117638287	117638396	hg19	ROS1		L2026_G2032	110	110	ATGGATCCCAACTGCCTACC	TTGTCTGCTGAATGAACCCCA	20	21	ATGGATCCCAACTGCCTACCGTTGCCATCCGGGCTTTACGCAAATAAGTAAGAAGGTCTCCTCCCTCCATCAGTTCCAGGATAATGTATTGGGGTTCATTCAGCAGACAA
CG001v3.4.131	ESR1:K303	TMPLT572	A	chr6	152265401	152265508	hg19	ESR1		K303	108	108	ACATGAGAGCTGCCAACCTT	CCAACAAGGCACTGACCATC	20	20	ACATGAGAGCTGCCAACCTTTGGCCAAGCCCGCTCATGATCAAACGCTCTAAGAAGAACAGCCTGGCCTTGTCCCTGACGGCCGACCAGATGGTCAGTGCCTTGTTGG
CG001v3.4.135	PDGFRA:L839-Y849_D842	TMPLT574	A	chr4	55152021	55152142	hg19	PDGFRA		L839-Y849_D842	122	122	ATCTGGCTGCTCGCAACGT	GTGAGGACGTACACTGCCTT	19	20	ATCTGGCTGCTCGCAACGTCCTCCTGGCACAAGGAAAAATTGTGAAGATCTGTGACTTTGGCCTGGCCAGAGACATCATGCATGATTCGAACTATGTGTCGAAAGGCAGTGTACGTCCTCAC
CG001v3.4.43	IDH2:R140_R172	TMPLT444	A	chr15	90631812	90631959	hg19	IDH2		R140_R172	148	148	GGCCTACCTGGTCGCCAT	TGGAAAAGTCCCAATGGAACT	18	21	GGCCTACCTGGTCGCCATGGGCGTGCCTGCCAATGGTGATGGGCTTGGTCCAGCCAGGGACTAGGCGTGGGATGTTTTTGCAGATGATGGGCTCCCGGAAGACAGTCCCCCCCAGGATGTTCCGGATAGTTCCATTGGGACTTTTCCA
CG001v4.0.25	MAP2K2:L119	TMPLT670	B	chr19	4110575	4110676	hg19	MAP2K2		L119	102	102	GCGAGTTGCATTCGTGCA	GTCTCGCCCCTCTCCCCTT	18	19	GCGAGTTGCATTCGTGCAGGACCTGCAGCTCGCGGATGATCTGGTTCCGGATGGCCGGCTTGATCTCAAGGTGGATCAGCTGCAAGGGGAGAGGGGCGAGAC
CG001v4.0.27	MAP2K1:Q56_K57_K59	TMPLT686	A	chr15	66727349	66727492	hg19	MAP2K1		Q56_K57_K59	144	144	CCCCACTTTGGAACAGGACC	TCTCAAAGTCGTCATCCTTCAGT	20	23	CCCCACTTTGGAACAGGACCAACTTGGAGGCCTTGCAGAAGAAGCTGGAGGAGCTAGAGCTTGATGAGCAGCAGCGAAAGCGCCTTGAGGCCTTTCTTACCCAGAAGCAGAAGGTGGGAGAACTGAAGGATGACGACTTTGAGA
CG001v4.0.29	ALK:F1174	TMPLT709	A	chr2	29443664	29443785	hg19	ALK		F1174	122	122	CCCCAATGCAGCGAACAATG	AACTTTGTATCCTGTTCCTCCC	20	22	CCCCAATGCAGCGAACAATGTTCTGGTGGTTGAATTTGCTGCAGAGCAGAGAGGGATGTAACCAAAATTAACTGAGCTGAGTCTGGGCAAATCTTAAACTGGGAGGAACAGGATACAAAGTT
CG001v4.0.30	MAP2K1:C121_P124	TMPLT732	A	chr15	66729065	66729194	hg19	MAP2K1		C121_P124	130	130	TTCTTCCACCTTTCTCCAGCTA	GTAGAACGCACCATAGAAGCC	22	21	TTCTTCCACCTTTCTCCAGCTAATTCATCTGGAGATCAAACCCGCAATCCGGAACCAGATCATAAGGGAGCTGCAGGTTCTGCATGAGTGCAACTCTCCGTACATCGTGGGCTTCTATGGTGCGTTCTAC
CG001v4.0.32	POLE:Exon9_part1	TMPLT713	A	chr12	133253096	133253225	hg19	POLE		Exon9_part1	130	130	TCCCAGGAGCTTACTTCCCA	GGCATTTGACATTGAGACGACC	20	22	TCCCAGGAGCTTACTTCCCAGAAGCCACCTGCTCACCTGGCCATCGATCATGTAGGAAATCATCATAATCTGGTCTGTCTCAGCATCAGGAAACTTGAGGGGCAGTTTGGTCGTCTCAATGTCAAATGCC
CG001v4.0.33	POLE:Exon10_part1	TMPLT715	A	chr12	133252639	133252778	hg19	POLE		Exon10_part1	140	140	TCCCACAATACCGGGTAGTTTC	ACCAACAGGGAGATTGTTTCAGA	22	23	TCCCACAATACCGGGTAGTTTCCCAAGTGATACCTCCTTACCTCATCGGGTTCATTGAAGACACAAAAGGGGCCTTCATATTCTGGCTTGGGGGTGAACTCAAAATCTTCAATATCTTCTGAAACAATCTCCCTGTTGGT
CG001v4.0.49	TP53:Exon8_part2	TMPLT381	A	chr17	7577058	7577194	hg19	TP53		Exon8_part2	137	137	CCCCTTTCTTGCGGAGATTC	CCTTACTGCCTCTTGCTTCTCTTTT	20	25	CCCCTTTCTTGCGGAGATTCTCTTCCTCTGTGCGCCGGTCTCTCCCAGGACAGGCACAAACACGCACCTCAAAGCTGTTCCGTCCCAGTAGATTACCACTACTCAGGATAGGAAAAGAGAAGCAAGAGGCAGTAAGG
CG001v5.0.25	NTRK3:G696	TMPLT756	A	chr15	88472440	88472559	hg19	NTRK3		G696	120	120	GTAGACATCTCTGGACATGCC	GGTATGGTGTACCTGGCCTC	21	20	GTAGACATCTCTGGACATGCCGAAGTCCCCAATCTTCACTAGCAGATTCGCTCCAACCAGGCAGTTCCTGGTGGCCAGGTCTCGGTGCACAAAGTGCTGGGAGGCCAGGTACACCATACC
CG001v5.0.27	FOXP1:MSI	TMPLT767	A	chr3	71008281	71008381	hg19	FOXP1		MSI	101	101	GTGAAAATCCTCCAGACTGTACAAC	ACCCCGAGAATGAAGATTGGA	25	21	GTGAAAATCCTCCAGACTGTACAACAAATGGAGAACAATTTCACTGCTAACTTTTGACGTGTTTTTTTTTTTTTCCTTTTTCCAATCTTCATTCTCGGGGT
CG001v5.0.28	RBMXL1:MSI	TMPLT770	A	chr1	89449462	89449558	hg19	RBMXL1		MSI	97	97	ATTAAGCCCACCAATGAAGAGCT	TGGAGCTTGAACCCACTGTC	23	20	ATTAAGCCCACCAATGAAGAGCTTTCCTGGGCGATCTGCTTCAACCATTTTTTTTTTTGCCGGTGAGTCGGAGGGGTGACAGTGGGTTCAAGCTCCA
CG001v5.0.29	FAM60A:MSI	TMPLT768	A	chr12	31435565	31435674	hg19	FAM60A		MSI	110	110	AAGAGGGTCAGTTTGTAGCTTTG	CTCTGCCCATCTCCACTCAG	23	20	AAGAGGGTCAGTTTGTAGCTTTGTGGTTTTTCAAAATTCAGATATTTTTTTTTTTGTTCCCCTTCTACATAAAAACCTCAGTCACCACTCCTGAGTGGAGATGGGCAGAG
CG001v5.0.32	Mono27:MSI	TMPLT783	B	chr2	39564865	39564980	hg19	Mono27		MSI	116	116	TACTACTGTCCTACTGTGCCT	TGCAGTGAGCTGTGATTGCA	21	20	TACTACTGTCCTACTGTGCCTGGCTCCAGTTTTTTTTTTTTTTTTTTTTTTTTTTTTGAGACAGGGTCTCATTATGTCACCCAGGCTGGAGTGTAGTGCAATCACAGCTCACTGCA
CG001v5.0.37	CCNE1:CNV	TMPLT817	A	chr19	30308032	30308166	hg19	CCNE1		CNV	135	135	TTTCATTTACAGCCTTGGGACA	TCTGGATGGTGCAATAATCCG	22	21	TTTCATTTACAGCCTTGGGACAATAATGCAGTCTGTGCAGACCCCTGCTCCCTGATCCCCACACCTGACAAAGAAGATGATGACCGGGTTTACCCAAACTCAACGTGCAAGCCTCGGATTATTGCACCATCCAGA
CG001v5.0.48	FOXL2:C134	TMPLT819	A	chr3	138665141	138665252	hg19	FOXL2		C134	112	112	TGCCCTTCTCGAACATGTCTT	AACCTCAGCCTCAACGAGTGC	21	21	TGCCCTTCTCGAACATGTCTTCGCAGGCCGGGTCCAGCGTCCAGTAGTTGCCCTTGCGCTCGCCGCCGCCCTCGCGCGGCACCTTGATGAAGCACTCGTTGAGGCTGAGGTT
CG001v5.0.50	FGFR2:K659	TMPLT428	A	chr10	123247472	123247582	hg19	FGFR2		K659	111	111	CCCCTGCCCACTGTGTTACT	AACAATGTGATGAAAATAGCAGACT	20	25	CCCCTGCCCACTGTGTTACTGCCATCGACTTACATTGGTGGTCTTTTTGTAATAGTCTATATTGTTGATATCTCTGGCGAGTCCAAAGTCTGCTATTTTCATCACATTGTT
CG001v5.0.53	PIK3CA:C420	TMPLTXXX	A	chr3	178927880	178928010	hg19	PIK3CA		C420	131	131	GAGATGATTGTTGAATTTTCCTTTTG	ACAAGTTTATATTTCCCCATGCCA	26	24	GAGATGATTGTTGAATTTTCCTTTTGGGGAAGAAAAGTGTTTTGAAATGTGTTTTATAATTTAGACTAGTGAATATTTTTCTTTGTTTTTTAAGGAACACTGTCCATTGGCATGGGGAAATATAAACTTGT
CG001v5.0.54	PIK3CA:N345	TMPLTXXX	A	chr3	178921475	178921594	hg19	PIK3CA		N345	120	120	TGGAGAAACATCTACAAAATCCCT	TCAGCATTTGACTTTACCTTATCAA	24	25	TGGAGAAACATCTACAAAATCCCTTTGGGTTATAAATAGTGCACTCAGAATAAAAATTCTTTGTGCAACCTACGTGAATGTAAATATTCGAGACATTGATAAGGTAAAGTCAAATGCTGA
CG001v4.0.51	PDGFRA:R560-E571	TMPLT558	A	chr4	55140979	55141109	hg19	PDGFRA		R560-E571	131	131	CACCAGTTACCTGTCCTGGTC	TCTTGAGTCATAAGGCAGCTG	21	21	CACCAGTTACCTGTCCTGGTCATTTATAGAAACCGAGGTATGAAATTCGCTGGAGGGTCATTGAATCAATCAGCCCAGATGGACATGAATATATTTATGTGGACCCGATGCAGCTGCCTTATGACTCAAGA
CG001v4.0.4	KRAS:A146	TMPLT645	B	chr12	25378533	25378613	hg19	KRAS		A146	81	81	TTCAGTGTTACTTACCTGTCTTGT	CAGGCTCAGGACTTAGCAAGA	24	21	TTCAGTGTTACTTACCTGTCTTGTCTTTGCTGATGTTTCAATAAAAGGAATTCCATAACTTCTTGCTAAGTCCTGAGCCTG
CG001v3.4.25	ERBB2:Exon20_part1	TMPLT372	B	chr17	37880955	37881094	hg19	ERBB2		Exon20_part1	140	140	CTCTCAGCGTACCCTTGTCC	TCTAAGAGGCAGCCATAGGG	20	20	CTCTCAGCGTACCCTTGTCCCCAGGAAGCATACGTGATGGCTGGTGTGGGCTCCCCATATGTCTCCCGCCTTCTGGGCATCTGCCTGACATCCACGGTGCAGCTGGTGACACAGCTTATGCCCTATGGCTGCCTCTTAGA
CG001v3.4.111	TP53:Exon8_part1	TMPLT380	B	chr17	7576994	7577130	hg19	TP53		Exon8_part1	137	137	ACCGCTTCTTGTCCTGCTTG	TTTGAGGTGCGTGTTTGTGC	20	20	ACCGCTTCTTGTCCTGCTTGCTTACCTCGCTTAGTGCTCCCTGGGGGCAGCTCGTGGTGAGGCTCCCCTTTCTTGCGGAGATTCTCTTCCTCTGTGCGCCGGTCTCTCCCAGGACAGGCACAAACACGCACCTCAAA
CG001v3.4.110	TP53:Exon7_part2	TMPLT387	B	chr17	7577509	7577637	hg19	TP53		Exon7_part2	129	129	CCAGTGTGATGATGGTGAGGA	CCTCATCTTGGGCCTGTGTT	21	20	CCAGTGTGATGATGGTGAGGATGGGCCTCCGGTTCATGCCGCCCATGCAGGAACTGTTACACATGTAGTTGTAGTGGATGGTGGTACAGTCAGAGCCAACCTAGGAGATAACACAGGCCCAAGATGAGG
CG001v3.4.39	GNAS:R201	TMPLT431	B	chr20	57484367	57484473	hg19	GNAS		R201	107	107	GGCTTTGGTGAGATCCATTGAC	GTTGACTTTGTCCACCTGGA	22	20	GGCTTTGGTGAGATCCATTGACCTCAATTTTGTTTCAGGACCTGCTTCGCTGCCGTGTCCTGACTTCTGGAATCTTTGAGACCAAGTTCCAGGTGGACAAAGTCAAC
CG001v3.4.108	TP53:Exon6_part2	TMPLT450	B	chr17	7578180	7578316	hg19	TP53		Exon6_part2	137	137	AGGCGGCTCATAGGGCAC	CTCTGATTCCTCACTGATTGCT	18	22	AGGCGGCTCATAGGGCACCACCACACTATGTCGAAAAGTGTTTCTGTCATCCAAATACTCCACACGCAAATTTCCTTCCACTCGGATAAGATGCTGAGGAGGGGCCAGACCTAAGAGCAATCAGTGAGGAATCAGAG
CG001v4.0.5	POLE:Exon11_part2	TMPLT656	A	chr12	133252330	133252437	hg19	POLE		Exon11_part2	108	108	AAGTCCCCGTTGTAGGTGAC	CAGACCTCTGACTGCTGTGA	20	20	AAGTCCCCGTTGTAGGTGACCATGATGGTGGGTTTGGTCTCCTGGACGTGTTCAAACCACCTTTGGATCAGATGAGCCTGAACCCAAGTCACAGCAGTCAGAGGTCTG
CG001v3.4.96	rs576261	TMPLT464	B	chr19	39559729	39559830	hg19	rs576261			102	102	GACCCTGCTGCACCTTTCC	AGGAGAGAGTTGTGAGGCCA	19	20	GACCCTGCTGCACCTTTCCTCCCCTCCCATCAACCTCTTTTGTGCCTCCCCCTCCGTGTACCACCTTCTCTGTCACCAACCCTGGCCTCACAACTCTCTCCT
CG001v3.4.5	ALK:R1275_G1269	TMPLT479	B	chr2	29432604	29432742	hg19	ALK		R1275_G1269	139	139	CTGAGGTGGAAGAGACAGGC	ACATTGCTGCCAGAAACTGC	20	20	CTGAGGTGGAAGAGACAGGCCCGGAGGGGTGAGGCAGTCTTTACTCACCTGTAGATGTCTCGGGCCATCCCGAAGTCTCCAATCTTGGCCACTCTTCCAGGGCCTGGACAGGTCAAGAGGCAGTTTCTGGCAGCAATGT
CG001v3.4.122	rs9951171	TMPLT467	B	chr18	9749826	9749936	hg19	rs9951171			111	111	TCGTTGTTCCTCTGGGATGC	GCTCAATTTTCTTGTCCCTGCT	20	22	TCGTTGTTCCTCTGGGATGCAACATGAGAGAGCAGCACACTGAGGCTTTATGGGTTGCCCTGCCACAAGTGAACAGGTCCCAGCATGAAAGCAGGGACAAGAAAATTGAGC
CG001v3.4.14	DDR2:I638	TMPLT530	B	chr1	162745467	162745565	hg19	DDR2		I638	99	99	ATCATGTCTCGGCTCAAGGAC	TCCATTCTCCATGTATTCAGTGATC	21	25	ATCATGTCTCGGCTCAAGGACCCAAACATCATCCATCTATTAGCTGTGTGTATCACTGATGACCCTCTCTGTATGATCACTGAATACATGGAGAATGGA
CG001v3.4.15	DDR2:L239	TMPLT531	B	chr1	162729583	162729693	hg19	DDR2		L239	111	111	CAGCATGACAGAAGGGCTAGG	CGCCAGCCCACATAGTCATA	21	20	CAGCATGACAGAAGGGCTAGGCCAATTGACCGATGGTGTGTCTGGCCTGGACGATTTCACCCAGACCCATGAATACCACGTGTGGCCCGGCTATGACTATGTGGGCTGGCG
CG001v3.4.138	KIT:Exon13_part2	TMPLT579	B	chr4	55594202	55594320	hg19	KIT		Exon13_part2	119	119	AGCCCTCATGTCTGAACTCA	AGACAATAAAAGGCAGCTTGGAC	20	23	AGCCCTCATGTCTGAACTCAAAGTCCTGAGTTACCTTGGTAATCACATGAATATTGTGAATCTACTTGGAGCCTGCACCATTGGAGGTAAAGCCGTGTCCAAGCTGCCTTTTATTGTCT
CG001v4.0.6	BRAF:G466_F468_G469_Y472	TMPLT630	B	chr7	140481343	140481461	hg19	BRAF		G466_F468_G469_Y472	119	119	ACTTGTCACAATGTCACCACA	TTGGGAGATTCCTGATGGGC	21	20	ACTTGTCACAATGTCACCACATTACATACTTACCATGCCACTTTCCCTTGTAGACTGTTCCAAATGATCCAGATCCAATTCTTTGTCCCACTGTAATCTGCCCATCAGGAATCTCCCAA
CG001v4.0.8	MAP2K1:D67	TMPLT685	B	chr15	66727455	66727585	hg19	MAP2K1		D67	131	131	GCAGAAGGTGGGAGAACTGA	GCAAACTCACCTTTCTGGCC	20	20	GCAGAAGGTGGGAGAACTGAAGGATGACGACTTTGAGAAGATCAGTGAGCTGGGGGCTGGCAATGGCGGTGTGGTGTTCAAGGTCTCCCACAAGCCTTCTGGCCTGGTCATGGCCAGAAAGGTGAGTTTGC
CG001v4.0.9	PIK3CA:E542_E545_Q546_D549	TMPLT692	B	chr3	178936036	178936133	hg19	PIK3CA		E542_E545_Q546_D549	98	98	TGACAAAGAACAGCTCAAAGC	TTAGCACTTACCTGTGACTCC	21	21	TGACAAAGAACAGCTCAAAGCAATTTCTACACGAGATCCTCTCTCTGAAATCACTGAGCAGGAGAAAGATTTTCTATGGAGTCACAGGTAAGTGCTAA
CG001v4.0.12	MET:Exon13_part3	TMPLT702	B	chr7	116411631	116411776	hg19	MET		Exon13_part3	146	146	GTGTTGTCTCAATATCAACAGCACTG	ACAATCTTAAACTGTAATGACTGTGTT	26	27	GTGTTGTCTCAATATCAACAGCACTGTTATTACTACTTGGGTTTTTCCTGTGGCTGAAAAAGAGAAAGCAAATTAAAGGTGCATTTTTGTTACTGTTCATTTTTAGAAGTTACCTTAAGAACACAGTCATTACAGTTTAAGATTGT
CG001v4.0.14	POLE:Exon13_part3	TMPLT725	B	chr12	133250211	133250344	hg19	POLE		Exon13_part3	134	134	CGGGATCATAGCCTAGCTTGG	CCGGGCTGCATGTTAGAATC	21	20	CGGGATCATAGCCTAGCTTGGCCTTGGCGGCCGCCTTGAGATTATGACTGCCCACAGGAAGGTAACTGTCCCTCTTCACCCACCTGGAAGGAGAATGAGAACAGAAGCCAGGATGATTCTAACATGCAGCCCGG
CG001v4.0.18	rs5926602	TMPLT626	B	chrX	27130899	27130978	hg19	rs5926602			80	80	AGGTACAGAGAGCATTGCACT	AATTTACAGAATTCAGAGAACTGCT	21	25	AGGTACAGAGAGCATTGCACTTTTAAAAAAAAATGTGTCCAACTGAACAACAAAGAGCAGTTCTCTGAATTCTGTAAATT
CG001v4.0.19	rs993934	TMPLT629	B	chr2	124109158	124109253	hg19	rs993934			96	96	AGGCAATAGAGCAAAGTATTGTG	TCCCATGATGAAACAGTTTGCAC	23	23	AGGCAATAGAGCAAAGTATTGTGATAACAGTCTCCAGAGTATATTAGCTTAGTTCATAACCTGTAATCATTTAGTGCAAACTGTTTCATCATGGGA
CG001v4.0.55	rs3780962	TMPLT736	B	chr10	17193302	17193412	hg19	rs3780962			111	111	AGAAACATGGGATGAACAAGGTC	GGTTCTGTGACTGGTGGTGT	23	20	AGAAACATGGGATGAACAAGGTCAAGATATCAGCTTTCACCCGTAAGGACAGGTTAGTGTTTTTCTTCAAAAGCCCGCTACCGCAGAATACACACCACCAGTCACAGAACC
CG001v4.0.58	rs321198	TMPLT743	B	chr7	137029792	137029904	hg19	rs321198			113	113	ACACACAGGCTTCAGGTTACC	AATGTGCGTTTCTCCACACTT	21	21	ACACACAGGCTTCAGGTTACCTGTTTTCCTTTTGTGATTCCACTTCTGTGTGAAGCAAGCAGTGCTTGTTTTAATCAGATTTCACCTGTATAAAGTGTGGAGAAACGCACATT
CG001v4.0.54	rs3091244	TMPLT735	B	chr1	159684617	159684713	hg19	rs3091244			97	97	TTGGCTATCTATCCTGCGAAAA	GAAGTAGGTGTTGGAGAGGCA	22	21	TTGGCTATCTATCCTGCGAAAATAATGGGAAATGGTAACATATTAAACGAGTGGCCATCTGGGTGCACGTGGTAGCTGCCTCTCCAACACCTACTTC
CG001v5.0.1	NTRK3:G623	TMPLT754	B	chr15	88476233	88476327	hg19	NTRK3		G623	95	95	CCTTGCTTACCTGAGGAACTT	AGTTCTATGGAGTGTGCGGC	21	20	CCTTGCTTACCTGAGGAACTTATTCAGGTCTCCATGCTTCATGTATTCAAAGACCATGATGAGGGGGTCCCCATCGCCGCACACTCCATAGAACT
CG001v5.0.3	MSI-5:MSI	TMPLT762	B	chr10	12381049	12381170	hg19	MSI-5		MSI	122	122	AAAGAGCCAGATGTGACAGCTAG	AGGGATGAGATAGCATCTGCA	23	21	AAAGAGCCAGATGTGACAGCTAGTAAAAAAAAAAAAAAAATGCATACTATTAATACCTTATGTTTATCTGCTGTCTTTCTTCTAAGAAGTCCAAAGTGCTTTGCAGATGCTATCTCATCCCT
CG001v5.0.5	ATP6V0A2:MSI	TMPLT776	B	chr12	124232247	124232373	hg19	ATP6V0A2		MSI	127	127	GTCATTCTGGGAATATTTAACCACT	GCTGCCCCTTACCCAATAAA	25	20	GTCATTCTGGGAATATTTAACCACTTGTAAGTACAGATTTTTTTTTAAGCAATATTTATAAACCAAACTTGGCATTTCTTCAATTTTGCTTCTTGTTGGTGACTGTATTTATTGGGTAAGGGGCAGC
CG001v5.0.6	PMS1:MSI	TMPLT778	B	chr2	190687132	190687231	hg19	PMS1		MSI	100	100	GCTTGATTTTGTGGCCTCTTTG	TGTTCAGGGCTGACAACTCC	22	20	GCTTGATTTTGTGGCCTCTTTGTACTGCTGACTTAAATAGAGGGTTTTTTTTTAAGGTATTGGGTCAGCTGATCGAGACTGGAGTTGTCAGCCCTGAACA
CG001v5.0.8	NR24:MSI	TMPLT785	B	chr2	95849292	95849424	hg19	NR24		MSI	133	133	AACGTGATCCCCATTGCTGA	TGCATTCCAACCTGGGTGAC	20	20	AACGTGATCCCCATTGCTGAATTTTACCTCCTGACTCCAAAAACTCTTCTCTTCCCTGGGCCCAGTCCTATTTTTTTTTTTTTTTTTTTTTTTGTGAGACAGAGTCTCACTCTGTCACCCAGGTTGGAATGCA
CG001v5.0.38	PTEN:R173	TMPLT427	B	chr10	89711868	89711967	hg19	PTEN		R173	100	100	CCACCAGGGAGTAACTATTCC	AAACAACAGTGCCACTGGTCTATAATC	21	27	CCACCAGGGAGTAACTATTCCCAGTCAGAGGCGCTATGTGTATTATTATAGCTACCTGTTAAAGAATCATCTGGATTATAGACCAGTGGCACTGTTGTTT
CG001v5.0.41	FGFR2:S252_P253	TMPLT315	B	chr10	123279624	123279736	hg19	FGFR2		S252_P253	113	113	CCACTGTGGAGGCATTTGC	TTGGTCTCTCATTCTCCCATCC	19	22	CCACTGTGGAGGCATTTGCCGGCAGTCCGGCTTGGAGGATGGGCCGGTGAGGCGATCGCTCTGGTGGAGAGAGGGAAGAAAGGAGGAGTGGGGATGGGAGAATGAGAGACCAA
CG001v5.0.42	FGFR1:N546	TMPLT349	B	chr8	38274816	38274920	hg19	FGFR1		N546	105	105	GCACCCACCATCCTGCGT	AAAGACTTGTCAGACCTGATCTCAGA	18	26	GCACCCACCATCCTGCGTGCAGGCCCCCAGCAGGTTGATGATATTCTTATGCTTCCCGATCATCTTCATCATCTCCATTTCTGAGATCAGGTCTGACAAGTCTTT
CG001v3.4.74	NRAS:G12_G13	TMPLT307	B	chr1	115258700	115258806	hg19	NRAS		G12_G13	107	107	AGTGGTTCTGGATTAGCTGGA	TCCAACAGGTTCTTGCTGGT	21	20	AGTGGTTCTGGATTAGCTGGATTGTCAGTGCGCTTTTCCCAACACCACCTGCTCCAACCACCACCAGTTTGTACTCAGTCATTTCACACCAGCAAGAACCTGTTGGA
CG001v3.4.73	NRAS:A146	TMPLT304	B	chr1	115252133	115252242	hg19	NRAS		A146	110	110	ACCAGAGTTAATCAACTGATGCA	TGGCCAAGAGTTACGGGATT	23	20	ACCAGAGTTAATCAACTGATGCAAACTCTTGCACAAATGCTGAAAGCTGTACCATACCTGTCTGGTCTTGGCTGAGGTTTCAATGAATGGAATCCCGTAACTCTTGGCCA
CG001v3.4.13	CTNNB1:D32_S33_G34_S37_T41_S45	TMPLT338	B	chr3	41266067	41266170	hg19	CTNNB1		D32_S33_G34_S37_T41_S45	104	104	GTTAGTCACTGGCAGCAACA	TCCTCTTCCTCAGGATTGCC	20	20	GTTAGTCACTGGCAGCAACAGTCTTACCTGGACTCTGGAATCCATTCTGGTGCCACTACCACAGCTCCTTCTCTGAGTGGTAAAGGCAATCCTGAGGAAGAGGA
CG001v3.4.4	ALK:T1151_L1152_C1156	TMPLT335	A	chr2	29445214	29445328	hg19	ALK		T1151_L1152_C1156	115	115	TGATCAGGGCTTCCATGAGGA	CAGTTCTCAGCTCACAGCCT	21	20	TGATCAGGGCTTCCATGAGGAAATCCAGTTCGTCCTGTTCAGAGCACACTTCAGGCAGCGTCTGGGCAGAGAAGGGGAGGGTGGGGAGGAGGAGGAGGCTGTGAGCTGAGAACTG
CG001v3.4.72	MET:Y1253	TMPLT344	B	chr7	116423371	116423473	hg19	MET		Y1253	103	103	TTCACAGTCAAGGTTGCTGA	TCCACTTCACTGGCAGCTTT	20	20	TTCACAGTCAAGGTTGCTGATTTTGGTCTTGCCAGAGACATGTATGATAAAGAATACTATAGTGTACACAACAAAACAGGTGCAAAGCTGCCAGTGAAGTGGA
CG001v3.4.11	BRAF:D594_G596_L597_V600_K601	TMPLT345	B	chr7	140453107	140453219	hg19	BRAF		D594_G596_L597_V600_K601	113	113	ACTGATGGGACCCACTCCAT	GTTTTCCTTTACTTACTACACCTCAGA	20	27	ACTGATGGGACCCACTCCATCGAGATTTCACTGTAGCTAGACCAAAATCACCTATTTTTACTGTGAGGTCTTCATGAAGAAATATATCTGAGGTGTAGTAAGTAAAGGAAAAC
CG001v3.4.8	AR:S741_W742	TMPLT352	B	chrX	66937314	66937444	hg19	AR		S741_W742	131	131	CTCCAGGCTTCCGCAACTTA	GGCGAAGTAGAGCATCCTGG	20	20	CTCCAGGCTTCCGCAACTTACACGTGGACGACCAGATGGCTGTCATTCAGTACTCCTGGATGGGGCTCATGGTGTTTGCCATGGGCTGGCGATCCTTCACCAATGTCAACTCCAGGATGCTCTACTTCGCC
CG001v3.4.70	MET:Exon18_part1	TMPLT366	B	chr7	116422015	116422138	hg19	MET		Exon18_part1	124	124	TGCTTTTCTAACTCTCTTTGACTG	CAGCCAAGTCTCTGTGGACA	24	20	TGCTTTTCTAACTCTCTTTGACTGCAGAATCCAACTGTAAAAGATCTTATTGGCTTTGGTCTTCAAGTAGCCAAAGGCATGAAATATCTTGCAAGCAAAAAGTTTGTCCACAGAGACTTGGCTG
CG001v3.4.103	TP53:Exon4_part2	TMPLT384	B	chr17	7579381	7579520	hg19	TP53		Exon4_part2	140	140	GGTTTTCTGGGAAGGGACAG	AAGACCCAGGTCCAGATGA	20	19	GGTTTTCTGGGAAGGGACAGAAGATGACAGGGGCCAGGAGGGGGCTGGTGCAGGGGCCGCCGGTGTAGGAGCTGCTGGTGCAGGGGCCACGGGGGGAGCAGCCTCTGGCATTCTGGGAGCTTCATCTGGACCTGGGTCTT
CG001v3.4.106	TP53:Exon5_part2	TMPLT449	B	chr17	7578437	7578580	hg19	TP53		Exon5_part2	144	144	GCTTGTAGATGGCCATGGC	ACTCTGTCTCCTTCCTCTTCC	19	21	GCTTGTAGATGGCCATGGCGCGGACGCGGGTGCCGGGCGGGGGTGTGGAATCAACCCACAGCTGCACAGGGCAGGTCTTGGCCAGTTGGCAAAACATCTTGTTGAGGGCAGGGGAGTACTGTAGGAAGAGGAAGGAGACAGAGT
CG001v3.4.125	rs6811238	TMPLT463	B	chr4	169663570	169663687	hg19	rs6811238			118	118	CTGAGAGGAGAAGACTGTGTGT	CCAGGCATTTGACCTTCTAGC	22	21	CTGAGAGGAGAAGACTGTGTGTTTTAAAGCCAGGTTTGTTTAAAGTGTTATGATAGTATTAAGATGTTCTTTCATTTTCATAGAAGTACTTCATTTGGCTAGAAGGTCAAATGCCTGG
CG001v3.4.83	PTCH1:G1093	TMPLT541	B	chr9	98218551	98218645	hg19	PTCH1		G1093	95	95	CCCATACCAAAGCAACGTGAAC	CATCGGAATCAAGCTCAGTGC	22	21	CCCATACCAAAGCAACGTGAACGGTGAACTCCACTCCTATGCCAACAGAAGCGATCAGGATGACCACGGGCACGGCACTGAGCTTGATTCCGATG
CG001v4.0.37	POLE:Exon14_part2	TMPLT663	B	chr12	133249784	133249889	hg19	POLE		Exon14_part2	106	106	GCAAAGATGAATGGGTGGACG	CCTGCTCTCTGGCGTTCTC	21	19	GCAAAGATGAATGGGTGGACGTACTTCATGTACAGGTAGTAAGTGGCGACAGCATCTGACACAGAATACGTGGCCAGAGTCTGAGGAGAGAACGCCAGAGAGCAGG
CG001v4.0.40	ALK:L1196_L1198_G1202_D1203_S1206	TMPLT699	B	chr2	29443561	29443684	hg19	ALK		L1196_L1198_G1202_D1203_S1206	124	124	TTCTCACTCACCGGGCGA	ACATTGTTCGCTGCATTGGG	18	20	TTCTCACTCACCGGGCGAGGGCGGGTCTCTCGGAGGAAGGACTTGAGGTCTCCCCCCGCCATGAGCTCCAGCAGGATGAACCGGGGCAGGGATTGCAGGCTCACCCCAATGCAGCGAACAATGT
CG001v4.0.41	MET:Exon13_part1	TMPLT705	B	chr7	116411506	116411633	hg19	MET		Exon13_part1	128	128	ATCTATCATGGCTAAATGCTGACT	CACCAGCAATCAATCCTGTGAAA	24	23	ATCTATCATGGCTAAATGCTGACTTTTCTTTATTTGTCATTTTTAGTGGAAGCAAGCAATTTCTTCAACCGTCCTTGGAAAAGTAATAGTTCAACCAGATCAGAATTTCACAGGATTGATTGCTGGTG
CG001v4.0.43	POLE:Exon9_part2	TMPLT652	B	chr12	133253155	133253272	hg19	POLE		Exon9_part2	118	118	TCATCATAATCTGGTCTGTCTCAG	GAGCTTGGCTTTATGCTTATTTTGT	24	25	TCATCATAATCTGGTCTGTCTCAGCATCAGGAAACTTGAGGGGCAGTTTGGTCGTCTCAATGTCAAATGCCAAAACCACAGGGTCCTGTGGGGACAAAATAAGCATAAAGCCAAGCTC
CG001v4.0.44	POLE:Exon10_part2	TMPLT654	B	chr12	133252710	133252823	hg19	POLE		Exon10_part2	114	114	GCCTTCATATTCTGGCTTGGG	TGACTTGTGCTGATTGCTAATGA	21	23	GCCTTCATATTCTGGCTTGGGGGTGAACTCAAAATCTTCAATATCTTCTGAAACAATCTCCCTGTTGGTGATGAGGTAGCCCTAGCCAAGTTCATTAGCAATCAGCACAAGTCA
CG001v4.0.57	rs987640	TMPLT740	B	chr22	33559439	33559552	hg19	rs987640			114	114	GCTACTCCACTGTTTGGCATG	CCCATGCCATCGTCTGTATT	21	20	GCTACTCCACTGTTTGGCATGAACTTGTTCATTACAGGTACATTCACTTAACAGGCTCTCTTTCCACCCTTGTAGAAATACAAAAATAAGACTTAATACAGACGATGGCATGGG
CG001v3.4.62	MAP2K2:F57_Q60_K61	TMPLT332	B	chr19	4117483	4117588	hg19	MAP2K2		F57_Q60_K61	106	106	GCCCAGCTCTGAGATCCTTT	GGAACTTGACGAGCAGCAGA	20	20	GCCCAGCTCTGAGATCCTTTCGAAGTCATCGTCTTTGAGTTCGCCGACCTTGGCTTTCTGGGTGAGAAAGGCTTCCAGCCGCTTCTTCTGCTGCTCGTCAAGTTCC
CG001v5.0.14	C14orf169:MSI	TMPLT765	B	chr14	73959682	73959800	hg19	C14orf169		MSI	119	119	ATTCTCCGCTGCCACTGC	CGAGGTTTGTGACACTGAAGC	18	21	ATTCTCCGCTGCCACTGCTACCTTTTTTTTTTTTTTTTCCTTAAACTCACGTTCTTACCTTGATAAGCATCAGTGTGCTCACATTTACCTTTATCACTGCTTCAGTGTCACAAACCTCG
CG001v5.0.43	PTEN:K267	TMPLT559	B	chr10	89717712	89717833	hg19	PTEN		K267	122	122	CGTTACCTGTGTGTGGTGATATC	TAGCTTTTAATCTGTCCTTATTTTGGA	23	27	CGTTACCTGTGTGTGGTGATATCAAAGTAGAGTTCTTCCACAAACAGAACAAGATGCTAAAAAAGGTTTGTACTTTACTTTCATTGGGAGAAATATCCAAAATAAGGACAGATTAAAAGCTA
CG001v5.0.46	FGFR2:N549	TMPLT314	B	chr10	123257997	123258088	hg19	FGFR2		N549	92	92	CCTCCTACTCACCATCCTGTGT	GGTGTCAGAGATGGAGATGATGAA	22	24	CCTCCTACTCACCATCCTGTGTGCAGGCTCCAAGAAGATTTATGATATTCTTGTGTTTCCCAATCATCTTCATCATCTCCATCTCTGACACC
CG001v4.0.23	EGFR:Exon20_part3	TMPLT521	B	chr7	55249099	55249224	hg19	EGFR		Exon20_part3	126	126	GGACTATGTCCGGGAACACA	GTGAGGATCCTGGCTCCTTATC	20	22	GGACTATGTCCGGGAACACAAAGACAATATTGGCTCCCAGTACCTGCTCAACTGGTGTGTGCAGATCGCAAAGGTAATCAGGGAAGGGAGATACGGGGAGGGGAGATAAGGAGCCAGGATCCTCAC
CG001v3.4.3	AKT1:E17	TMPLT322	A	chr14	105246485	105246592	hg19	AKT1		E17	108	108	TGTAGCCAATGAAGGTGCCA	GTAGAGTGTGCGTGGCTCTC	20	20	TGTAGCCAATGAAGGTGCCATCATTCTTGAGGAGGAAGTAGCGTGGCCGCCAGGTCTTGATGTACTCCCCTACAGACGTGCGGGTGGTGAGAGCCACGCACACTCTAC
CG001v3.4.37	GNA11:Q209	TMPLT330	B	chr19	3118905	3119014	hg19	GNA11		Q209	110	110	GCGCTGTGTCCTTTCAGGA	CTGAGGGCGACGAGAAACAT	19	20	GCGCTGTGTCCTTTCAGGATGGTGGATGTGGGGGGCCAGCGGTCGGAGCGGAGGAAGTGGATCCACTGCTTTGAGAACGTGACATCCATCATGTTTCTCGTCGCCCTCAG
CG001v3.4.81	PIK3CA:M1043_N1044_A1046_H1047_G1049	TMPLT340	B	chr3	178952041	178952143	hg19	PIK3CA		M1043_N1044_A1046_H1047_G1049	103	103	GCAAGAGGCTTTGGAGTATTTCA	TGCATGCTGTTTAATTGTGTGGA	23	23	GCAAGAGGCTTTGGAGTATTTCATGAAACAAATGAATGATGCACATCATGGTGGCTGGACAACAAAAATGGATTGGATCTTCCACACAATTAAACAGCATGCA
CG001v3.4.48	KIT:D816_D820_N822_Y823	TMPLT342	B	chr4	55599271	55599395	hg19	KIT		D816_D820_N822_Y823	125	125	CCTTACTCATGGTCGGATCACA	CCTTTGCAGGACTGTCAAGC	22	20	CCTTACTCATGGTCGGATCACAAAGATTTGTGATTTTGGTCTAGCCAGAGACATCAAGAATGATTCTAATTATGTGGTTAAAGGAAACGTGAGTACCCATTCTCTGCTTGACAGTCCTGCAAAGG
CG001v3.4.18	EGFR:Exon21_part2	TMPLT360	B	chr7	55259464	55259603	hg19	EGFR		Exon21_part2	140	140	GGAACGTACTGGTGAAAACAC	AGGAAAATGCTGGCTGACCT	21	20	GGAACGTACTGGTGAAAACACCGCAGCATGTCAAGATCACAGATTTTGGGCTGGCCAAACTGCTGGGTGCGGAAGAGAAAGAATACCATGCAGAAGGAGGCAAAGTAAGGAGGTGGCTTTAGGTCAGCCAGCATTTTCCT
CG001v3.4.53	KIT:Exon9_part1	TMPLT513	B	chr4	55591995	55592097	hg19	KIT		Exon9_part1	103	103	GCCAGGGCTTTTGTTTTCTTCC	ACCACTAGCTTTCCAAACGGT	22	21	GCCAGGGCTTTTGTTTTCTTCCCTTTAGATGCTCTGCTTCTGTACTGCCAGTGGATGTGCAGACACTAAACTCATCTGGGCCACCGTTTGGAAAGCTAGTGGT
CG001v3.4.94	rs10092491	TMPLT465	B	chr8	28410994	28411127	hg19	rs10092491			134	134	CTGGATACCTCTGGGCCATA	TTTCGGCCCAACCAGTATCC	20	20	CTGGATACCTCTGGGCCATATATAAATAATTCTGTGATAGAGTGGCATTAGAAATTCCAGATAGAGCTAAAACTGAAGTTTTCCTTATAGAGATTTATCCTAGTTAGTTTGCGGGGATACTGGTTGGGCCGAAA
CG001v3.4.9	AR:V716	TMPLT529	B	chrX	66931469	66931568	hg19	AR		V716	100	100	GCCTCAATGAACTGGGAGAGAG	CCCCCTTATCTCATGCTCCC	22	20	GCCTCAATGAACTGGGAGAGAGACAGCTTGTACACGTGGTCAAGTGGGCCAAGGCCTTGCCTGGTAAGGAAAAGGGAAGTGGGAGCATGAGATAAGGGGG
CG001v3.4.132	HRAS:G12_G13	TMPLT571	B	chr11	534244	534329	hg19	HRAS		G12_G13	86	86	GGTTCTGGATCAGCTGGATG	AGGAGCGATGACGGAATATAAGC	20	23	GGTTCTGGATCAGCTGGATGGTCAGCGCACTCTTGCCCACACCGCCGGCGCCCACCACCACCAGCTTATATTCCGTCATCGCTCCT
CG001v3.4.143	EGFR:Exon18_part2	TMPLT617	B	chr7	55241616	55241738	hg19	EGFR		Exon18_part2	123	123	TGTGGAGCCTCTTACACCCA	ACCTTATACACCGTGCCGAAC	20	21	TGTGGAGCCTCTTACACCCAGTGGAGAAGCTCCCAACCAAGCTCTCTTGAGGATCTTGAAGGAAACTGAATTCAAAAAGATCAAAGTGCTGGGCTCCGGTGCGTTCGGCACGGTGTATAAGGT
CG001v3.4.130	Y:SRY	TMPLTXXX	A	chrY	2655810	2655905	hg19	SRY			96	96	AGCAGTCAGGGAGGCAGATCA	CCCCCTAGTACCCTGACAATGTATT	21	25	CCCCCTAGTACCCTGACAATGTATTCATTCTCAAGCAAAACATGGTAATTCAGTAACGTTGACTACTTGCCCTGCTGATCTGCCTCCCTGACTGCT
CG001v4.0.34	POLE:Exon13_part1	TMPLT728	A	chr12	133250074	133250223	hg19	POLE		Exon13_part1	150	150	GATGTGGCTCACATGCCT	GGCTATGATCCCGTGGAG	18	18	GATGTGGCTCACATGCCTGGGGCTGCTCCGTGGCCATCTGGATGCGTGCACACGGCAGCAGGGGCAGCCGGGATGTGGCTTACGTGCCTGGGGCTGCTCCGTGGCCATCCGGCACATGTCCTCCGGGTCTAGCTCCACGGGATCATAGCC
CG001v4.0.59	rs1523537	TMPLT746	A	chr20	51296094	51296216	hg19	rs1523537			123	123	GCTTAGGGTCTTAATACATTCATTTCT	AGGACTGGGTGAGACAATGC	27	20	GCTTAGGGTCTTAATACATTCATTTCTGCATGGGTGGGGTTTCAGTCTGCAACAAGATCTTGTAGGGATGCTATCGCTGGCTATTAGGTGATCACAGTTCTGTGCATTGTCTCACCCAGTCCT
CG001v4.0.50	EGFR:S492	TMPLT711	A	chr7	55227981	55228085	hg19	EGFR		S492	105	105	CCTCCGGTCAGAAAACCAAA	ATAAAGGACCCATTAGAACCAACT	20	24	CCTCCGGTCAGAAAACCAAAATTATAAGCAACAGAGGTGAAAACAGCTGCAGTAAGTCACCGCTTTCTGTTTAGTTTATGGAGTTGGTTCTAATGGGTCCTTTAT
CG001v4.0.53	rs7520386	TMPLT734	B	chr1	14155347	14155460	hg19	rs7520386			114	114	GCTGAGTGACCAGGACTGTAC	CCTGCGGTACCCAAGAAGAC	21	20	GCTGAGTGACCAGGACTGTACGTGTGTCCACCAAGGGAACGTGAGGAGGCCACACGTACAGCTCACCAAACACATCAGCCGTGGCTGGGACAGAGTCTTCTTGGGTACCGCAGG
CG001v5.0.24	NTRK1:G667	TMPLT753	A	chr1	156849042	156849155	hg19	NTRK1		G667	114	114	ATTTTGTGCACCGGGACCT	CACGGTAATAGTCGGTGCTG	19	20	ATTTTGTGCACCGGGACCTGGCCACACGCAACTGTCTAGTGGGCCAGGGACTGGTGGTCAAGATTGGTGATTTTGGCATGAGCAGGGATATCTACAGCACCGACTATTACCGTG
CG001v5.0.26	MSI-4:MSI	TMPLT761	B	chr16	11051842	11051962	hg19	MSI-4		MSI	121	121	TTCTGGATGATGTCAGGATTTGA	CCCATTTTTGGCTTGCATTTCT	23	22	TTCTGGATGATGTCAGGATTTGACGCTAATTTGATCTTGCCTAGATATCTATCTCTGTCTAGCTGTAAAAAAAAAAAAAAAATGCCCTTGAAGCACTATAGAAATGCAAGCCAAAAATGGG
CG001v5.0.33	AR:M896	TMPLT795	B	chrX	66943535	66943644	hg19	AR		M896	110	110	GAGAGCTGCATCAGTTCACTTT	AAGGATCTTGGGCACTTGCA	22	20	GAGAGCTGCATCAGTTCACTTTTGACCTGCTAATCAAGTCACACATGGTGAGCGTGGACTTTCCGGAAATGATGGCAGAGATCATCTCTGTGCAAGTGCCCAAGATCCTT
CG001v5.0.49	DICER1:D1705_D1709	TMPLT820	B	chr14	95560417	95560511	hg19	DICER1		D1705_D1709	95	95	CGGGTCTTCATAAAGGTGCT	CACTTCGGATCCCCTCAGATTG	20	22	CGGGTCTTCATAAAGGTGCTTGGTTATGAGGTAGTCCAAAATCGCATCTCCCAGGAATTCTAAGCGCTGGTAACAATCTGAGGGGATCCGAAGTG
CG001v5.0.51	FGFR1:K656	TMPLT348	B	chr8	38272239	38272340	hg19	FGFR1		K656	102	102	CCCACTCCTTGCTTCTCAGAT	CACGGGACATTCACCACAT	21	19	CCCACTCCTTGCTTCTCAGATGAAACCACCAGCACAGGGCGGCCTTGTCGGCACTCACGTTGGTTGTCTTTTTATAGTAGTCGATGTGGTGAATGTCCCGTG
CG001v5.0.55	PIK3CA:K111	TMPLTXXX	B	chr3	178916885	178917024	hg19	PIK3CA		K111	140	140	ACCTTCGGCTTTTTCAACCC	AGGGACAACAGTTAAGCTTTATGG	20	24	ACCTTCGGCTTTTTCAACCCTTTTTAAAAGTAATTGAACCAGTAGGCAACCGTGAAGAAAAGATCCTCAATCGAGAAATTGGTATGATACAATATCCTATTCTAAAATGCAAATAACCATAAAGCTTAACTGTTGTCCCT
CG001v5.0.57	KRAS:G12_G13	TMPLTXXX	B	chr12	25398250	25398330	hg19	KRAS		G12_G13	81	81	TAGCTGTATCGTCAAGGCAC	GGCCTGCTGAAAATGACTGA	20	20	TAGCTGTATCGTCAAGGCACTCTTGCCTACGCCACCAGCTCCAACTACCACAAGTTTATATTCAGTCATTTTCAGCAGGCC
CG001v5.0.59	PIK3CA:E542_E545_D549	TMPLTXXX	A	chr3	178936049	178936141	hg19	PIK3CA		E542_E545_D549	93	93	CTCAAAGCAATTTCTACACGAGA	TCTCCATTTTAGCACTTACCTGT	23	23	CTCAAAGCAATTTCTACACGAGATCCTCTCTCTGAAATCACTGAGCAGGAGAAAGATTTTCTATGGAGTCACAGGTAAGTGCTAAAATGGAGA
CG001v4.0.35	EGFR:Exon20_part1	TMPLT695	A	chr7	55248956	55249102	hg19	EGFR		Exon20_part1	147	147	CCACACTGACGTGCCTCTCC	GTCCAGGAGGCAGCCGAA	20	18	CCACACTGACGTGCCTCTCCCTCCCTCCAGGAAGCCTACGTGATGGCCAGCGTGGACAACCCCCACGTGTGCCGCCTGCTGGGCATCTGCCTCACCTCCACCGTGCAGCTCATCACGCAGCTCATGCCCTTCGGCTGCCTCCTGGAC
CG001v5.0.68	FGFR2:E777	TMPLTXXX	A	chr10	123239410	123239532	hg19	FGFR2		E777	123	123	AAGGCATGGTTCGTAAGGCA	TACTTGGACCTCAGCCAACC	20	20	AAGGCATGGTTCGTAAGGCATGGGGTCTGGAGAAAAAACAGAATCATCTCCTGAAGAACAAGAACTTCTTGTGTCAGGGTAACTAGGTGAATACTGTTCGAGAGGTTGGCTGAGGTCCAAGTA
CG001v5.0.69	FGFR2:E731	TMPLTXXX	B	chr10	123244887	123244985	hg19	FGFR2		E731	99	99	CAGGAAAGACAACAGCCCTTA	ATTCCCGTGGAGGAACTTTT	21	20	CAGGAAAGACAACAGCCCTTACAGTTCGTTGGTGCAGTTGGCTGGCTTATCCATTCTGTGTCCTTCCTTCAGCAGCTTAAAAAGTTCCTCCACGGGAAT
CG001v5.0.70	FGFR2:S372_Y375_C382	TMPLTXXX	A	chr10	123274717	123274842	hg19	FGFR2		S372_Y375_C382	126	126	TCATTCGGCACAGGATGACT	GCAATCTAGCGCCTGGAAGA	20	20	TCATTCGGCACAGGATGACTGTTACCACCATACAGGCGATTAAGAAGACCCCTATGCAGTAAATGGCTATCTCCAGGTAGTCTGGGGAAGCTGTAATCTCCTTTTCTCTTCCAGGCGCTAGATTGC
CG001v5.0.71	FGFR2:A315	TMPLTXXX	B	chr10	123276875	123277006	hg19	FGFR2		A315	132	132	TAGAATTACCCGCCAAGCAC	CCTTTTCTTTTGCTTCCCTTG	20	21	TAGAATTACCCGCCAAGCACGTATATTCCCCAGCGTCCTCAAAAGTTACATTCCGAATATAGAGAACCTCAATCTCTTTGTCCGTGGTGTTAACACCGGCGGCCTAGAAAACAAGGGAAGCAAAAGAAAAGG
CG001v5.0.72	FGFR2:W290	TMPLTXXX	A	chr10	123279525	123279625	hg19	FGFR2		W290	101	101	GCCCGTATTTACTGCCGTTC	GGTCGGAGGAGACGTAGAGT	20	20	GCCCGTATTTACTGCCGTTCTTTTCCACGTGCTTGATCCACTGGATGTGGGGCTGGGCATCACTGTAAACCTTGCAGACAAACTCTACGTCTCCTCCGACC
CG001v5.0.73	KRAS:Q61	TMPLTXXX	B	chr12	25380218	25380317	hg19	KRAS		Q61	100	100	ACAAAGAAAGCCCTCCCCAG	TGGAGAAACCTGTCTCTTGGA	20	21	ACAAAGAAAGCCCTCCCCAGTCCTCATGTACTGGTCCCTCATTGCACTGTACTCCTCTTGACCTGCTGTGTCGAGAATATCCAAGAGACAGGTTTCTCCA
CG001v5.0.76	TP53:Exon11	TMPLTXXX	B	chr17	7572901	7573042	hg19	TP53		Exon11	142	142	CAGTGGGGAACAAGAAGTGG	TGTCATCTCTCCTCCCTGCT	20	20	CAGTGGGGAACAAGAAGTGGAGAATGTCAGTCTGAGTCAGGCCCTTCTGTCTTGAACATGAGTTTTTTATGGCGGGAGGTAGACTGACCCTTTTTGGACTTCAGGTGGCTGTAGGAGACAGAAGCAGGGAGGAGAGATGACA
CG001v5.0.77	TP53:Exon10_part1	TMPLTXXX	B	chr17	7573893	7574018	hg19	TP53		Exon10_part1	126	126	GGAGTAGGGCCAGGAAGGG	CGCTTCGAGATGTTCCGAGA	19	20	GGAGTAGGGCCAGGAAGGGGCTGAGGTCACTCACCTGGAGTGAGCCCTGCTCCCCCCTGGCTCCTTCCCAGCCTGGGCATCCTTGAGTTCCAAGGCCTCATTCAGCTCTCGGAACATCTCGAAGCG
CG001v5.0.78	TP53:Exon10_part2	TMPLTXXX	A	chr17	7573961	7574060	hg19	TP53		Exon10_part2	100	100	CAGCCTGGGCATCCTTGAG	ACTTCTCCCCCTCCTCTGTT	19	20	CAGCCTGGGCATCCTTGAGTTCCAAGGCCTCATTCAGCTCTCGGAACATCTCGAAGCGCTCACGCCCACGGATCTGCAGCAACAGAGGAGGGGGAGAAGT
CG001v5.0.79	TP53:Exon3	TMPLTXXX	B	chr17	7579678	7579777	hg19	TP53		Exon3	100	100	CCAGCCCAACCCTTGTCC	GAGACCTGTGGGAAGCGAAA	18	20	CCAGCCCAACCCTTGTCCTTACCAGAACGTTGTTTTCAGGAAGTCTGAAAGACAAGAGCAGAAAGTCAGTCCCATGGAATTTTCGCTTCCCACAGGTCTC
CG001v5.0.80	TP53:Exon2	TMPLTXXX	B	chr17	7579815	7579949	hg19	TP53		Exon2	135	135	TGCCCTTCCAATGGATCCAC	CTCTTGCAGCAGCCAGACT	20	19	TGCCCTTCCAATGGATCCACTCACAGTTTCCATAGGTCTGAAAATGTTTCCTGACTCAGAGGGGGCTCGACGCTAGGATCTGACTGCGGCTCCTCCATGGCAGTGACCCGGAAGGCAGTCTGGCTGCTGCAAGAG
CG001v3.4.101	STK11:Q37	TMPLTXXX	B	chr19	1206985	1207100	hg19	STK11		Q37	116	116	TTCATCCACCGCATCGACTC	ACCTTGCCGTAAGAGCCTTC	20	20	TTCATCCACCGCATCGACTCCACCGAGGTCATCTACCAGCCGCGCCGCAAGCGGGCCAAGCTCATCGGCAAGTACCTGATGGGGGACCTGCTGGGGGAAGGCTCTTACGGCAAGGT
CG001v3.4.99	STK11:P281	TMPLTXXX	A	chr19	1221266	1221397	hg19	STK11		P281	132	132	GTTTGAGAACATCGGGAAGGG	ATTTCTGCACAAAAGCCCCG	21	20	GTTTGAGAACATCGGGAAGGGGAGCTACGCCATCCCGGGCGACTGTGGCCCCCCGCTCTCTGACCTGCTGAAAGGTGGGAGCCTCATCCCTCTGCCCGCAGCCCCAGGGAGGCGGGGCTTTTGTGCAGAAAT
CG001v5.0.82	MAP2K2:H123_G132	TMPLTXXX	A	chr19	4110494	4110626	hg19	MAP2K2		H123_G132	133	133	CGGACGCACTCACCATGT	ATCCGGAACCAGATCATCC	18	19	CGGACGCACTCACCATGTGTTCCATGCAAATGCTGATCTCCCCGTCACTGTAGAAGGCCCCGTAGAAGCCCACGATGTACGGCGAGTTGCATTCGTGCAGGACCTGCAGCTCGCGGATGATCTGGTTCCGGAT
CG001v5.0.83	PIK3CA:N345	TMPLTXXX	B	chr3	178921485	178921587	hg19	PIK3CA		N345	103	103	TCTACAAAATCCCTTTGGGTTA	TTGACTTTACCTTATCAATGTCTCG	22	25	TCTACAAAATCCCTTTGGGTTATAAATAGTGCACTCAGAATAAAAATTCTTTGTGCAACCTACGTGAATGTAAATATTCGAGACATTGATAAGGTAAAGTCAA
CG001v5.0.84	PIK3CA:R357_G364_E365	TMPLTXXX	B	chr3	178922234	178922370	hg19	PIK3CA		R357_G364_E365	137	137	TGTGCATATGTGTATGTTGAGTG	TTGGAACAAGGTACTCTTTGAGTG	23	24	TGTGCATATGTGTATGTTGAGTGTATACATTAGTATATACCTACTTTTTTCTTTTAGATCTATGTTCGAACAGGTATCTACCATGGAGGAGAACCCTTATGTGACAATGTGAACACTCAAAGAGTACCTTGTTCCAA
CG001v5.0.87	PIK3CA:E453	TMPLTXXX	B	chr3	178928006	178928114	hg19	PIK3CA		E453	109	109	CTTGTTTGATTACACAGACACTCT	TGATCCAGTAACACCAATAGGG	24	22	CTTGTTTGATTACACAGACACTCTAGTATCTGGAAAAATGGCTTTGAATCTTTGGCCAGTACCTCATGGATTAGAAGATTTGCTGAACCCTATTGGTGTTACTGGATCA
CG001v5.0.89	PIK3CA:E970_E978	TMPLTXXX	B	chr3	178948078	178948189	hg19	PIK3CA		E970_E978	112	112	ACGTGTGCCATTTGTTTTGACA	TGTGTTTTTAATTGCTCGAGCTCA	22	24	ACGTGTGCCATTTGTTTTGACACAGGATTTCTTAATAGTGATTAGTAAAGGAGCCCAAGAATGCACAAAGACAAGAGAATTTGAGAGGTGAGCTCGAGCAATTAAAAACACA
CG001v5.0.90	PIK3CA:M1043_N1044_A1046_H1047_G1049	TMPLTXXX	A	chr3	178952035	178952128	hg19	PIK3CA		M1043_N1044_A1046_H1047_G1049	94	94	AACTGAGCAAGAGGCTTTGG	TGTGTGGAAGATCCAATCCA	20	20	AACTGAGCAAGAGGCTTTGGAGTATTTCATGAAACAAATGAATGATGCACATCATGGTGGCTGGACAACAAAAATGGATTGGATCTTCCACACA
CG001v5.0.91	FGFR3:R248_S249	TMPLTXXX	A	chr4	1803538	1803641	hg19	FGFR3		R248_S249	104	104	CCTGAGCGTCATCTGCCC	GAACTCCACGTCGCTGCC	18	18	CCTGAGCGTCATCTGCCCCCACAGAGCGCTCCCCGCACCGGCCCATCCTGCAGGCGGGGCTGCCGGCCAACCAGACGGCGGTGCTGGGCAGCGACGTGGAGTTC
CG001v5.0.92	FGFR3:G370_S371_Y373_G380_A391_R399	TMPLTXXX	B	chr4	1806060	1806204	hg19	FGFR3		G370_S371_Y373_G380_A391_R399	145	145	AGGAGGAGCTGGTGGAGG	GAGCCCAGGCCTTTCTTGG	18	19	AGGAGGAGCTGGTGGAGGCTGACGAGGCGGGCAGTGTGTATGCAGGCATCCTCAGCTACGGGGTGGGCTTCTTCCTGTTCATCCTGGTGGTGGCGGCTGTGACGCTCTGCCGCCTGCGCAGCCCCCCCAAGAAAGGCCTGGGCTC
CG001v5.0.93	FGFR3:K650	TMPLTXXX	A	chr4	1807817	1807948	hg19	FGFR3		K650	132	132	ACCGAGGACAACGTGATGAA	CGTCCTACTGGCATGACCC	20	19	ACCGAGGACAACGTGATGAAGATCGCAGACTTCGGGCTGGCCCGGGACGTGCACAACCTCGACTACTACAAGAAGACGACCAACGTGAGCCCGGCCCTGGGGTGCGGGGGTGGGGGTCATGCCAGTAGGACG
CG001v5.0.95	KIT:Exon11_part11_del_ss	TMPLTXXX	B	chr4	55593550	55593670	hg19	KIT		Del_of_CCACAGAAACCCATGTATGAAGT_in_splice_site,_Del_of_ACAGAAACCCATGTATGAAGT_in_splice_site,_Exon11_part1_(Exon11_part1_is_already_present_as_CG001v3.4.49_which_could_be_removed_if_this_amplicon_works)	121	121	AAGGTGATCTATTTTTCCCTTTCTC	TCATAAGGAAGTTGTGTTGGGTC	25	23	AAGGTGATCTATTTTTCCCTTTCTCCCCACAGAAACCCATGTATGAAGTACAGTGGAAGGTTGTTGAGGAGATAAATGGAAACAATTATGTTTACATAGACCCAACACAACTTCCTTATGA
CG001v5.0.96	KIT:T670	TMPLTXXX	A	chr4	55595489	55595591	hg19	KIT		T670	103	103	ATGTGCTTTTAGGGCCCACC	TGCTTTGAACAAATAAATGAATCACGT	20	27	ATGTGCTTTTAGGGCCCACCCTGGTCATTACAGAATATTGTTGCTATGGTGATCTTTTGAATTTTTTGAGAAGAAAACGTGATTCATTTATTTGTTCAAAGCA
CG001v5.0.97	SCLT1:MSI	TMPLTXXX	B	chr4	129864062	129864194	hg19	SCLT1		MSI	133	133	GGCCTTAAAGATGTTTTGCTAGG	TAAGGAAGATTGCCCTGGA	23	19	GGCCTTAAAGATGTTTTGCTAGGTCTCTCTAAATATTCTCTATACTTTGATTTTCATAAGTACACATTTAACTCTAGTCTTGAAAATACCTTTACTTTGGCTTTTTTTTGAGCCTCCAGGGCAATCTTCCTTA
CG001v5.0.98	EGFR:R108K	TMPLTXXX	B	chr7	55211029	55211162	hg19	EGFR		R108K	134	134	TTGCCCTCAACACAGTGGAG	CAGCTCCTTCAGTCCGGTTT	20	20	TTGCCCTCAACACAGTGGAGCGAATTCCTTTGGAAAACCTGCAGATCATCAGAGGAAATATGTACTACGAAAATTCCTATGCCTTAGCAGTCTTATCTAACTATGATGCAAATAAAACCGGACTGAAGGAGCTG
CG001v5.0.99	EGFR:A289	TMPLTXXX	A	chr7	55221763	55221872	hg19	EGFR		A289	110	110	CTACAACCCCACCACGTACC	TTAGAGGGCCCACAGAGGAG	20	20	CTACAACCCCACCACGTACCAGATGGATGTGAACCCCGAGGGCAAATACAGCTTTGGTGCCACCTGCGTGAAGAAGTGTCCCCGTGAGTCCTCCTCTGTGGGCCCTCTAA
CG001v5.0.100	EGFR:G598	TMPLTXXX	B	chr7	55232969	55233084	hg19	EGFR		G598D	116	116	GCAGGGACCAGACAACTGTA	CTGCGTACTTCCAGACCAGG	20	20	GCAGGGACCAGACAACTGTATCCAGTGTGCCCACTACATTGACGGCCCCCACTGCGTCAAGACCTGCCCGGCAGGAGTCATGGGAGAAAACAACACCCTGGTCTGGAAGTACGCAG
CG001v5.0.103	MET:H1112	TMPLTXXX	A	chr7	116417409	116417519	hg19	MET		H1112	111	111	ACGCAGTGCTAACCAAGTTCT	CAAGGATTTCACAGCACAGTGA	21	22	ACGCAGTGCTAACCAAGTTCTTTCTTTTGCACAGGGCATTTTGGTTGTGTATATCATGGGACTTTGTTGGACAATGATGGCAAGAAAATTCACTGTGCTGTGAAATCCTTG
CG001v5.0.104	MET:G1181	TMPLTXXX	A	chr7	116418907	116419042	hg19	MET		G1181	136	136	CTCTCGCTCCTGGGAATCTG	TGCCAGTTAGTAAGCTTGGCA	20	21	CTCTCGCTCCTGGGAATCTGCCTGCGAAGTGAAGGGTCTCCGCTGGTGGTCCTACCATACATGAAACATGGAGATCTTCGAAATTTCATTCGAAATGAGACTCATGTAAGTTGACTGCCAAGCTTACTAACTGGCA
CG001v5.0.105	BRAF:Exon15_part1	TMPLTXXX	A	chr7	140453023	140453158	hg19	BRAF		Exon15_part1	136	136	AGCATCTCAGGGCCAAAAAT	GGTGATTTTGGTCTAGCTACAGTG	20	24	AGCATCTCAGGGCCAAAAATTTAATCAGTGGAAAAATAGCCTCAATTCTTACCATCCACAAAATGGATCCAGACAACTGTTCAAACTGATGGGACCCACTCCATCGAGATTTCACTGTAGCTAGACCAAAATCACC
CG001v5.0.60	RET:G533	TMPLTXXX	A	chr10	43607590	43607671	hg19	RET		G533	82	82	CAAGAGACGGCTGGAGTGTG	TTTGCCATCTCCTTGCCTCC	20	20	CAAGAGACGGCTGGAGTGTGAGGAGTGTGGCGGCCTGGGCTCCCCAACAGGCAGGTGTGAGTGGAGGCAAGGAGATGGCAAA
CG001v5.0.61	RET:Exon10_part1	TMPLTXXX	B	chr10	43608979	43609090	hg19	RET		Exon10_part1	112	112	CTGAGTGGGCTACGTCTGC	CCTCCTCAGGGAAGCAGTTG	19	20	CTGAGTGGGCTACGTCTGCCCTCAGGGGGCAGCATTGTTGGGGGACACGAGCCTGGGGAGCCCCGGGGGATTAAAGCTGGCTATGGCACCTGCAACTGCTTCCCTGAGGAGG
CG001v5.0.62	RET:Exon10_part2	TMPLTXXX	A	chr10	43609009	43609161	hg19	RET		Exon10_part2	153	153	AGCATTGTTGGGGGACAC	CTGGGAGGTGGTGGTGGT	18	18	AGCATTGTTGGGGGACACGAGCCTGGGGAGCCCCGGGGGATTAAAGCTGGCTATGGCACCTGCAACTGCTTCCCTGAGGAGGAGAAGTGCTTCTGCGAGCCCGAAGACATCCAGGGTGAGTGGGTGGCGGCCGGGACCACCACCACCTCCCAG
CG001v5.0.63	RET:G691	TMPLTXXX	A	chr10	43610062	43610177	hg19	RET		G691	116	116	GCTGAGATGACCTTCCGGAG	TTGAAGGCATCCACGGAGAC	20	20	GCTGAGATGACCTTCCGGAGGCCCGCCCAGGCCTTCCCGGTCAGCTACTCCTCTTCCGGTGCCCGCCGGCCCTCGCTGGACTCCATGGAGAACCAGGTCTCCGTGGATGCCTTCAA
CG001v5.0.64	RET:Exon13_part1	TMPLTXXX	B	chr10	43613783	43613898	hg19	RET		Exon13_part1	116	116	GAGCGATCGTTTGCAACCTG	TGACATGTGGGTGGTTGACC	20	20	GAGCGATCGTTTGCAACCTGCTCTGTGCTGCATTTCAGAGAACGCCTCCCCGAGTGAGCTGCGAGACCTGCTGTCAGAGTTCAACGTCCTGAAGCAGGTCAACCACCCACATGTCA
CG001v5.0.65	RET:Exon13_part2	TMPLTXXX	A	chr10	43613852	43613998	hg19	RET		Exon13_part2	147	147	GCTGTCAGAGTTCAACGTCC	AGAACAGGGCTGTATGGAGC	20	20	GCTGTCAGAGTTCAACGTCCTGAAGCAGGTCAACCACCCACATGTCATCAAATTGTATGGGGCCTGCAGCCAGGATGGTAAGGCCAGCTGCAGGGTGAGGTGGGCAGCCACTGCACCCAGGCTGGGGGCTCCATACAGCCCTGTTCT
CG001v5.0.66	RET:Exon15_part1	TMPLTXXX	A	chr10	43615467	43615614	hg19	RET		Exon15_part1	148	148	CTGAGCCAGTGACCGCTG	TCTCGGGACAAGCCGAAATC	18	20	CTGAGCCAGTGACCGCTGCTGCCTGGCCATGGCCTGACGACTCGTGCTATTTTTCCTCACAGCTCGTTCATCGGGACTTGGCAGCCAGAAACATCCTGGTAGCTGAGGGGCGGAAGATGAAGATTTCGGATTTCGGCTTGTCCCGAGA
CG001v5.0.67	RET:Exon15_part2	TMPLTXXX	B	chr10	43615556	43615704	hg19	RET		Exon15_part2	149	149	AACATCCTGGTAGCTGAGGG	CATGGTGCACCTGGGATCC	20	19	AACATCCTGGTAGCTGAGGGGCGGAAGATGAAGATTTCGGATTTCGGCTTGTCCCGAGATGTTTATGAAGAGGATTCCTACGTGAAGAGGAGCCAGGTGCCCAGTCCCGGGGATGAGGCGGGGCTCCCAGGGATCCCAGGTGCACCATG
CG001v4.0.2	KIT:Exon9_part3	TMPLT698	B	chr4	55592120	55592251	hg19	KIT		Exon9_part3	132	132	GCATTCAAGCACAATGGCAC	AACATCCCCTTAAATTGGATTAAAAAG	20	27	GCATTCAAGCACAATGGCACGGTTGAATGTAAGGCTTACAACGATGTGGGCAAGACTTCTGCCTATTTTAACTTTGCATTTAAAGGTAACAACAAAGGTATATTTCTTTTTAATCCAATTTAAGGGGATGTT
CG001v5.0.58	KRAS:K117	TMPLTXXX	B	chr12	25378602	25378687	hg19	KRAS		K117	86	86	GTCCTGAGCCTGTTTTGTGT	AGGACTCTGAAGATGTACCTATGG	20	24	GTCCTGAGCCTGTTTTGTGTCTACTGTTCTAGAAGGCAAATCACATTTATTTCCTACTAGGACCATAGGTACATCTTCAGAGTCCT
CG001v4.0.31	POLE:Exon12_part2	TMPLT658	B	chr12	133252018	133252132	hg19	POLE		Exon12_part2	115	115	TGTACTCCCCCTGGCTGT	CTTGCTTGTCTGTCCTCTTTCC	18	22	TGTACTCCCCCTGGCTGTCCTTCTGGAAGCCTATCTCCTGCTGCATGCTCAGACCGTGGACTGCTGCCCGGGCCTCCACAAATGGCCTGGGTTGGAAAGAGGACAGACAAGCAAG
CG001v4.0.1	EGFR:Exon18_part3	TMPLT696	A	chr7	55241666	55241794	hg19	EGFR		Exon18_part3	129	129	GGATCTTGAAGGAAACTGAATTCAA	CCACCAGACCATGAGAGGC	25	19	GGATCTTGAAGGAAACTGAATTCAAAAAGATCAAAGTGCTGGGCTCCGGTGCGTTCGGCACGGTGTATAAGGTAAGGTCCCTGGCACAGGCCTCTGGGCTGGGCCGCAGGGCCTCTCATGGTCTGGTGG
CG001v3.4.64	MET:Exon14-50+25_part2	TMPLT565	B	chr7	116411900	116412027	hg19	MET		Exon14-50+25_part2	128	128	AAGATCTGGGCAGTGAATTAGT	TCGGTAGTCTACAGATTCATTTGA	22	24	AAGATCTGGGCAGTGAATTAGTTCGCTACGATGCAAGAGTACACACTCCTCATTTGGATAGGCTTGTAAGTGCCCGAAGTGTAAGCCCAACTACAGAAATGGTTTCAAATGAATCTGTAGACTACCGA
CG001v5.0.17	NR21:MSI	TMPLT784	A	chr14	23652307	23652433	hg19	NR21		MSI	127	127	TTTCTGGTCACTCGCGTTTAC	CAGAATTCCAGCCGGAGTCG	21	20	TTTCTGGTCACTCGCGTTTACAAACAAGAAAAGTGTTGCTAAAAAAAAAAAAAAAAAAAAAGGCCAGGGGAGACATACATTTAAATATAAAAATAGAACTGTGCCAGCGACTCCGGCTGGAATTCTG
CG001v5.0.56	PIK3CA:Exon6	TMPLTXXX	A	chr3	178922227	178922383	hg19	PIK3CA		Exon6	157	157	TCGAGTGTGTGCATATGTGT	TCCTTACCTGGGATTGGAACA	20	21	TCGAGTGTGTGCATATGTGTATGTTGAGTGTATACATTAGTATATACCTACTTTTTTCTTTTAGATCTATGTTCGAACAGGTATCTACCATGGAGGAGAACCCTTATGTGACAATGTGAACACTCAAAGAGTACCTTGTTCCAATCCCAGGTAAGGA
CG001v4.0.36	KIT:T670	TMPLT640	B	chr4	55595462	55595550	hg19	KIT		T670	89	89	ATCTCACCTTCTTTCTAACCTTTTC	ATTCAAAAGATCACCATAGCAACA	25	24	ATCTCACCTTCTTTCTAACCTTTTCTTATGTGCTTTTAGGGCCCACCCTGGTCATTACAGAATATTGTTGCTATGGTGATCTTTTGAAT
CG001v5.0.132	ESR1:E380	TMPLTXXX	B	chr6	152332788	152332902	hg19	ESR1			115	115	CAGGCTTTGTGGATTTGACC	AGTAGCTTCCCTGGGTGCTC	20	20	CAGGCTTTGTGGATTTGACCCTCCATGATCAGGTCCACCTTCTAGAATGTGCCTGGCTAGAGATCCTGATGATTGGTCTCGTCTGGCGCTCCATGGAGCACCCAGGGAAGCTACT
